Store,Date,Weekly_Sales,Holiday_Flag,Temperature,Fuel_Price,CPI,Unemployment,Average_Wage,Retail_Sales_Growth
1,2010-02-05,1643690.9,0,42.31,2.572,211.0963582,8.106,22.46,0.5
1,2010-02-12,1641957.44,1,38.51,2.548,211.2421698,8.106,22.46,0.5
1,2010-02-19,1611968.17,0,39.93,2.514,211.2891429,8.106,22.46,0.5
1,2010-02-26,1409727.59,0,46.63,2.561,211.3196429,8.106,22.46,0.5
1,2010-03-05,1554806.68,0,46.5,2.625,211.3501429,8.106,22.46,0.3
1,2010-03-12,1439541.59,0,57.79,2.667,211.3806429,8.106,22.46,0.3
1,2010-03-19,1472515.79,0,54.58,2.72,211.215635,8.106,22.46,0.3
1,2010-03-26,1404429.92,0,51.45,2.732,211.0180424,8.106,22.46,0.3
1,2010-04-02,1594968.28,0,62.27,2.719,210.8204499,7.808,22.49,1.6
1,2010-04-09,1545418.53,0,65.86,2.77,210.6228574,7.808,22.49,1.6
1,2010-04-16,1466058.28,0,66.32,2.808,210.4887,7.808,22.49,1.6
1,2010-04-23,1391256.12,0,64.84,2.795,210.4391228,7.808,22.49,1.6
1,2010-04-30,1425100.71,0,67.41,2.78,210.3895456,7.808,22.49,1.6
1,2010-05-07,1603955.12,0,72.55,2.835,210.3399684,7.808,22.51,0.4
1,2010-05-14,1494251.5,0,74.78,2.854,210.3374261,7.808,22.51,0.4
1,2010-05-21,1399662.07,0,76.44,2.826,210.6170934,7.808,22.51,0.4
1,2010-05-28,1432069.95,0,80.44,2.759,210.8967606,7.808,22.51,0.4
1,2010-06-04,1615524.71,0,80.69,2.705,211.1764278,7.808,22.53,-1.2
1,2010-06-11,1542561.09,0,80.43,2.668,211.4560951,7.808,22.53,-1.2
1,2010-06-18,1503284.06,0,84.11,2.637,211.4537719,7.808,22.53,-1.2
1,2010-06-25,1422711.6,0,84.34,2.653,211.3386526,7.808,22.53,-1.2
1,2010-07-02,1492418.14,0,80.91,2.669,211.2235333,7.787,22.59,-0.5
1,2010-07-09,1546074.18,0,80.48,2.642,211.108414,7.787,22.59,-0.5
1,2010-07-16,1448938.92,0,83.15,2.623,211.1003854,7.787,22.59,-0.5
1,2010-07-23,1385065.2,0,83.36,2.608,211.2351443,7.787,22.59,-0.5
1,2010-07-30,1371986.6,0,81.84,2.64,211.3699032,7.787,22.59,-0.5
1,2010-08-06,1605491.78,0,87.16,2.627,211.5046621,7.787,22.62,0.4
1,2010-08-13,1508237.76,0,87.0,2.692,211.6394211,7.787,22.62,0.4
1,2010-08-20,1513080.49,0,86.65,2.664,211.6033633,7.787,22.62,0.4
1,2010-08-27,1449142.92,0,85.22,2.619,211.5673056,7.787,22.62,0.4
1,2010-09-03,1540163.53,0,81.21,2.577,211.5312479,7.787,22.67,0.4
1,2010-09-10,1507460.69,1,78.69,2.565,211.4951902,7.787,22.67,0.4
1,2010-09-17,1430378.67,0,82.11,2.582,211.5224596,7.787,22.67,0.4
1,2010-09-24,1351791.03,0,80.94,2.624,211.5972246,7.787,22.67,0.4
1,2010-10-01,1453329.5,0,71.89,2.603,211.6719895,7.838,22.73,0.6
1,2010-10-08,1508239.93,0,63.93,2.633,211.7467544,7.838,22.73,0.6
1,2010-10-15,1459409.1,0,67.18,2.72,211.8137436,7.838,22.73,0.6
1,2010-10-22,1345454.0,0,69.86,2.725,211.8612937,7.838,22.73,0.6
1,2010-10-29,1384209.22,0,69.64,2.716,211.9088438,7.838,22.73,0.6
1,2010-11-05,1551659.28,0,58.74,2.689,211.9563939,7.838,22.73,1.2
1,2010-11-12,1494479.49,0,59.61,2.728,212.003944,7.838,22.73,1.2
1,2010-11-19,1483784.18,0,51.41,2.771,211.8896737,7.838,22.73,1.2
1,2010-11-26,1955624.11,1,64.52,2.735,211.7484333,7.838,22.73,1.2
1,2010-12-03,1548033.78,0,49.27,2.708,211.607193,7.838,22.76,0.8
1,2010-12-10,1682614.26,0,46.33,2.843,211.4659526,7.838,22.76,0.8
1,2010-12-17,1891034.93,0,49.84,2.869,211.4053124,7.838,22.76,0.8
1,2010-12-24,2387950.2,0,52.33,2.886,211.4051222,7.838,22.76,0.8
1,2010-12-31,1367320.01,1,48.43,2.943,211.4049321,7.838,22.76,0.8
1,2011-01-07,1444732.28,0,48.27,2.976,211.4047419,7.742,22.87,0.6
1,2011-01-14,1391013.96,0,35.4,2.983,211.4574109,7.742,22.87,0.6
1,2011-01-21,1327405.42,0,44.04,3.016,211.8272343,7.742,22.87,0.6
1,2011-01-28,1316899.31,0,43.83,3.01,212.1970577,7.742,22.87,0.6
1,2011-02-04,1606629.58,0,42.27,2.989,212.5668812,7.742,22.87,0.3
1,2011-02-11,1649614.93,1,36.39,3.022,212.9367046,7.742,22.87,0.3
1,2011-02-18,1686842.78,0,57.36,3.045,213.2478853,7.742,22.87,0.3
1,2011-02-25,1456800.28,0,62.9,3.065,213.535609,7.742,22.87,0.3
1,2011-03-04,1636263.41,0,59.58,3.288,213.8233327,7.742,22.87,1.0
1,2011-03-11,1553191.63,0,53.56,3.459,214.1110564,7.742,22.87,1.0
1,2011-03-18,1576818.06,0,62.76,3.488,214.3627114,7.742,22.87,1.0
1,2011-03-25,1541102.38,0,69.97,3.473,214.5999389,7.742,22.87,1.0
1,2011-04-01,1495064.75,0,59.17,3.524,214.8371664,7.682,22.91,0.4
1,2011-04-08,1614259.35,0,67.84,3.622,215.0743939,7.682,22.91,0.4
1,2011-04-15,1559889.0,0,71.27,3.743,215.2918561,7.682,22.91,0.4
1,2011-04-22,1564819.81,0,72.99,3.807,215.4599053,7.682,22.91,0.4
1,2011-04-29,1455090.69,0,72.03,3.81,215.6279544,7.682,22.91,0.4
1,2011-05-06,1629391.28,0,64.61,3.906,215.7960035,7.682,22.97,0.5
1,2011-05-13,1604775.58,0,75.64,3.899,215.9640526,7.682,22.97,0.5
1,2011-05-20,1428218.27,0,67.63,3.907,215.7339202,7.682,22.97,0.5
1,2011-05-27,1466046.67,0,77.72,3.786,215.5037878,7.682,22.97,0.5
1,2011-06-03,1635078.41,0,83.0,3.699,215.2736553,7.682,23.0,-0.2
1,2011-06-10,1588948.32,0,83.13,3.648,215.0435229,7.682,23.0,-0.2
1,2011-06-17,1532114.86,0,86.41,3.637,214.9980596,7.682,23.0,-0.2
1,2011-06-24,1438830.15,0,83.58,3.594,215.0910982,7.682,23.0,-0.2
1,2011-07-01,1488538.09,0,85.55,3.524,215.1841368,7.962,23.11,0.1
1,2011-07-08,1534849.64,0,85.83,3.48,215.2771754,7.962,23.11,0.1
1,2011-07-15,1455119.97,0,88.54,3.575,215.3611087,7.962,23.11,0.1
1,2011-07-22,1396926.82,0,85.77,3.651,215.4222784,7.962,23.11,0.1
1,2011-07-29,1352219.79,0,86.83,3.682,215.4834482,7.962,23.11,0.1
1,2011-08-05,1624383.75,0,91.65,3.684,215.544618,7.962,23.06,0.5
1,2011-08-12,1525147.09,0,90.76,3.638,215.6057878,7.962,23.06,0.5
1,2011-08-19,1530761.43,0,89.94,3.554,215.6693107,7.962,23.06,0.5
1,2011-08-26,1464693.46,0,87.96,3.523,215.7332258,7.962,23.06,0.5
1,2011-09-02,1550229.22,0,87.83,3.533,215.7971409,7.962,23.11,0.0
1,2011-09-09,1540471.24,1,76.0,3.546,215.861056,7.962,23.11,0.0
1,2011-09-16,1514259.78,0,79.94,3.526,216.0410526,7.962,23.11,0.0
1,2011-09-23,1380020.27,0,75.8,3.467,216.3758246,7.962,23.11,0.0
1,2011-09-30,1394561.83,0,79.69,3.355,216.7105965,7.962,23.11,0.0
1,2011-10-07,1630989.95,0,69.31,3.285,217.0453684,7.866,23.18,1.1
1,2011-10-14,1493525.93,0,71.74,3.274,217.3552733,7.866,23.18,1.1
1,2011-10-21,1502562.78,0,63.71,3.353,217.5159762,7.866,23.18,1.1
1,2011-10-28,1445249.09,0,66.57,3.372,217.6766791,7.866,23.18,1.1
1,2011-11-04,1697229.58,0,54.98,3.332,217.837382,7.866,23.19,0.5
1,2011-11-11,1594938.89,0,59.11,3.297,217.9980849,7.866,23.19,0.5
1,2011-11-18,1539483.7,0,62.25,3.308,218.2205088,7.866,23.19,0.5
1,2011-11-25,2033320.66,1,60.14,3.236,218.4676211,7.866,23.19,0.5
1,2011-12-02,1584083.95,0,48.91,3.172,218.7147333,7.866,23.22,0.2
1,2011-12-09,1799682.38,0,43.93,3.158,218.9618456,7.866,23.22,0.2
1,2011-12-16,1881176.67,0,51.63,3.159,219.1794533,7.866,23.22,0.2
1,2011-12-23,2270188.99,0,47.96,3.112,219.3577216,7.866,23.22,0.2
1,2011-12-30,1497462.72,1,44.55,3.129,219.5359898,7.866,23.22,0.2
1,2012-01-06,1550369.92,0,49.01,3.157,219.7142581,7.348,23.26,0.1
1,2012-01-13,1459601.17,0,48.53,3.261,219.8925263,7.348,23.26,0.1
1,2012-01-20,1394393.84,0,54.11,3.268,219.9856893,7.348,23.26,0.1
1,2012-01-27,1319325.59,0,54.26,3.29,220.0788523,7.348,23.26,0.1
1,2012-02-03,1636339.65,0,56.55,3.36,220.1720153,7.348,23.28,0.4
1,2012-02-10,1802477.43,1,48.02,3.409,220.2651783,7.348,23.28,0.4
1,2012-02-17,1819870.0,0,45.32,3.51,220.4257586,7.348,23.28,0.4
1,2012-02-24,1539387.83,0,57.25,3.555,220.636902,7.348,23.28,0.4
1,2012-03-02,1688420.76,0,60.96,3.63,220.8480454,7.348,23.36,1.1
1,2012-03-09,1675431.16,0,58.76,3.669,221.0591887,7.348,23.36,1.1
1,2012-03-16,1677472.78,0,64.74,3.734,221.2118132,7.348,23.36,1.1
1,2012-03-23,1511068.07,0,65.93,3.787,221.2864126,7.348,23.36,1.1
1,2012-03-30,1649604.63,0,67.61,3.845,221.3610119,7.348,23.36,1.1
1,2012-04-06,1899676.88,0,70.43,3.891,221.4356112,7.143,23.39,0.8
1,2012-04-13,1621031.7,0,69.07,3.891,221.5102105,7.143,23.39,0.8
1,2012-04-20,1521577.87,0,66.76,3.877,221.5640737,7.143,23.39,0.8
1,2012-04-27,1468928.37,0,67.23,3.814,221.6179368,7.143,23.39,0.8
1,2012-05-04,1684519.99,0,75.55,3.749,221.6718,7.143,23.41,0.1
1,2012-05-11,1611096.05,0,73.77,3.688,221.7256632,7.143,23.41,0.1
1,2012-05-18,1595901.87,0,70.33,3.63,221.742674,7.143,23.41,0.1
1,2012-05-25,1555444.55,0,77.22,3.561,221.744944,7.143,23.41,0.1
1,2012-06-01,1624477.58,0,77.95,3.501,221.7472139,7.143,23.46,-0.2
1,2012-06-08,1697230.96,0,78.3,3.452,221.7494839,7.143,23.46,-0.2
1,2012-06-15,1630607.0,0,79.35,3.393,221.7626421,7.143,23.46,-0.2
1,2012-06-22,1527845.81,0,78.39,3.346,221.8030211,7.143,23.46,-0.2
1,2012-06-29,1540421.49,0,84.88,3.286,221.8434,7.143,23.46,-0.2
1,2012-07-06,1769854.16,0,81.57,3.227,221.8837789,6.908,23.49,-0.5
1,2012-07-13,1527014.04,0,77.12,3.256,221.9241579,6.908,23.49,-0.5
1,2012-07-20,1497954.76,0,80.42,3.311,221.9327267,6.908,23.49,-0.5
1,2012-07-27,1439123.71,0,82.66,3.407,221.9412954,6.908,23.49,-0.5
1,2012-08-03,1631135.79,0,86.11,3.417,221.9498642,6.908,23.48,0.8
1,2012-08-10,1592409.97,0,85.05,3.494,221.9584329,6.908,23.48,0.8
1,2012-08-17,1597868.05,0,84.85,3.571,222.0384109,6.908,23.48,0.8
1,2012-08-24,1494122.38,0,77.66,3.62,222.1719457,6.908,23.48,0.8
1,2012-08-31,1582083.4,0,80.49,3.638,222.3054805,6.908,23.48,0.8
1,2012-09-07,1661767.33,1,83.96,3.73,222.4390153,6.908,23.57,0.9
1,2012-09-14,1517428.87,0,74.97,3.717,222.5820193,6.908,23.57,0.9
1,2012-09-21,1506126.06,0,69.87,3.721,222.7818386,6.908,23.57,0.9
1,2012-09-28,1437059.26,0,76.08,3.666,222.9816579,6.908,23.57,0.9
1,2012-10-05,1670785.97,0,68.55,3.617,223.1814772,6.573,23.5,1.1
1,2012-10-12,1573072.81,0,62.99,3.601,223.3812965,6.573,23.5,1.1
1,2012-10-19,1508068.77,0,67.97,3.594,223.4257233,6.573,23.5,1.1
1,2012-10-26,1493659.74,0,69.16,3.506,223.4442513,6.573,23.5,1.1
2,2010-02-05,2136989.46,0,40.19,2.572,210.7526053,8.324,22.46,0.5
2,2010-02-12,2137809.5,1,38.49,2.548,210.8979935,8.324,22.46,0.5
2,2010-02-19,2124451.54,0,39.69,2.514,210.9451605,8.324,22.46,0.5
2,2010-02-26,1865097.27,0,46.1,2.561,210.9759573,8.324,22.46,0.5
2,2010-03-05,1991013.13,0,47.17,2.625,211.0067542,8.324,22.46,0.3
2,2010-03-12,1990483.78,0,57.56,2.667,211.037551,8.324,22.46,0.3
2,2010-03-19,1946070.88,0,54.52,2.72,210.8733316,8.324,22.46,0.3
2,2010-03-26,1750197.81,0,51.26,2.732,210.6766095,8.324,22.46,0.3
2,2010-04-02,2066187.72,0,63.27,2.719,210.4798874,8.2,22.49,1.6
2,2010-04-09,1954689.21,0,65.41,2.77,210.2831653,8.2,22.49,1.6
2,2010-04-16,1874957.94,0,68.07,2.808,210.1495463,8.2,22.49,1.6
2,2010-04-23,1821990.93,0,65.11,2.795,210.1000648,8.2,22.49,1.6
2,2010-04-30,1802450.29,0,66.98,2.78,210.0505833,8.2,22.49,1.6
2,2010-05-07,2042581.71,0,71.28,2.835,210.0011018,8.2,22.51,0.4
2,2010-05-14,1880752.36,0,73.31,2.854,209.9984585,8.2,22.51,0.4
2,2010-05-21,1896937.1,0,74.83,2.826,210.2768443,8.2,22.51,0.4
2,2010-05-28,1957113.89,0,81.13,2.759,210.5552301,8.2,22.51,0.4
2,2010-06-04,2102539.93,0,81.81,2.705,210.833616,8.2,22.53,-1.2
2,2010-06-11,2025538.76,0,83.4,2.668,211.1120018,8.2,22.53,-1.2
2,2010-06-18,2001636.96,0,85.81,2.637,211.1096543,8.2,22.53,-1.2
2,2010-06-25,1939927.09,0,86.26,2.653,210.9950134,8.2,22.53,-1.2
2,2010-07-02,2003940.64,0,82.74,2.669,210.8803726,8.099,22.59,-0.5
2,2010-07-09,1880902.62,0,82.59,2.642,210.7657317,8.099,22.59,-0.5
2,2010-07-16,1845879.79,0,85.32,2.623,210.7577954,8.099,22.59,-0.5
2,2010-07-23,1781717.71,0,87.66,2.608,210.8921319,8.099,22.59,-0.5
2,2010-07-30,1804246.16,0,83.49,2.64,211.0264684,8.099,22.59,-0.5
2,2010-08-06,1991909.98,0,89.53,2.627,211.1608049,8.099,22.62,0.4
2,2010-08-13,1895601.05,0,89.05,2.692,211.2951413,8.099,22.62,0.4
2,2010-08-20,1964335.23,0,88.7,2.664,211.2596586,8.099,22.62,0.4
2,2010-08-27,1863840.49,0,87.12,2.619,211.2241759,8.099,22.62,0.4
2,2010-09-03,1904608.09,0,81.83,2.577,211.1886931,8.099,22.67,0.4
2,2010-09-10,1839128.83,1,79.09,2.565,211.1532104,8.099,22.67,0.4
2,2010-09-17,1793903.6,0,82.05,2.582,211.1806415,8.099,22.67,0.4
2,2010-09-24,1724557.22,0,81.79,2.624,211.2552578,8.099,22.67,0.4
2,2010-10-01,1827440.43,0,69.24,2.603,211.3298742,8.163,22.73,0.6
2,2010-10-08,1849921.44,0,63.19,2.633,211.4044906,8.163,22.73,0.6
2,2010-10-15,1794355.49,0,65.8,2.72,211.4713286,8.163,22.73,0.6
2,2010-10-22,1737947.64,0,68.5,2.725,211.5187208,8.163,22.73,0.6
2,2010-10-29,1802755.11,0,66.24,2.716,211.5661131,8.163,22.73,0.6
2,2010-11-05,1939061.41,0,57.85,2.689,211.6135053,8.163,22.73,1.2
2,2010-11-12,1916812.74,0,59.69,2.728,211.6608975,8.163,22.73,1.2
2,2010-11-19,1956739.17,0,50.81,2.771,211.5470304,8.163,22.73,1.2
2,2010-11-26,2658725.29,1,62.98,2.735,211.4062867,8.163,22.73,1.2
2,2010-12-03,2015781.27,0,49.33,2.708,211.265543,8.163,22.76,0.8
2,2010-12-10,2378726.55,0,45.5,2.843,211.1247993,8.163,22.76,0.8
2,2010-12-17,2609166.75,0,47.55,2.869,211.0645458,8.163,22.76,0.8
2,2010-12-24,3436007.68,0,49.97,2.886,211.0646599,8.163,22.76,0.8
2,2010-12-31,1750434.55,1,47.3,2.943,211.064774,8.163,22.76,0.8
2,2011-01-07,1758050.79,0,44.69,2.976,211.0648881,8.028,22.87,0.6
2,2011-01-14,1744193.58,0,33.02,2.983,211.1176713,8.028,22.87,0.6
2,2011-01-21,1751384.9,0,41.4,3.016,211.4864691,8.028,22.87,0.6
2,2011-01-28,1695371.68,0,42.83,3.01,211.8552668,8.028,22.87,0.6
2,2011-02-04,1929346.23,0,38.25,2.989,212.2240646,8.028,22.87,0.3
2,2011-02-11,2168041.61,1,33.19,3.022,212.5928624,8.028,22.87,0.3
2,2011-02-18,2080884.82,0,57.83,3.045,212.9033115,8.028,22.87,0.3
2,2011-02-25,1833511.08,0,60.8,3.065,213.190421,8.028,22.87,0.3
2,2011-03-04,1981607.78,0,57.77,3.288,213.4775305,8.028,22.87,1.0
2,2011-03-11,1879107.31,0,52.7,3.459,213.7646401,8.028,22.87,1.0
2,2011-03-18,1902557.66,0,62.32,3.488,214.0156238,8.028,22.87,1.0
2,2011-03-25,1766162.05,0,69.42,3.473,214.2521573,8.028,22.87,1.0
2,2011-04-01,1800171.36,0,55.43,3.524,214.4886908,7.931,22.91,0.4
2,2011-04-08,1847552.61,0,67.0,3.622,214.7252242,7.931,22.91,0.4
2,2011-04-15,1856467.84,0,69.48,3.743,214.9420631,7.931,22.91,0.4
2,2011-04-22,1886339.6,0,69.39,3.807,215.1096657,7.931,22.91,0.4
2,2011-04-29,1745545.28,0,69.21,3.81,215.2772683,7.931,22.91,0.4
2,2011-05-06,1837743.6,0,61.48,3.906,215.4448709,7.931,22.97,0.5
2,2011-05-13,1838513.07,0,74.61,3.899,215.6124735,7.931,22.97,0.5
2,2011-05-20,1688281.86,0,67.14,3.907,215.3834778,7.931,22.97,0.5
2,2011-05-27,1797732.56,0,76.42,3.786,215.1544822,7.931,22.97,0.5
2,2011-06-03,1933756.21,0,83.07,3.699,214.9254865,7.931,23.0,-0.2
2,2011-06-10,1929153.16,0,83.4,3.648,214.6964908,7.931,23.0,-0.2
2,2011-06-17,1953771.99,0,86.53,3.637,214.6513538,7.931,23.0,-0.2
2,2011-06-24,1790925.8,0,85.17,3.594,214.7441108,7.931,23.0,-0.2
2,2011-07-01,1866243.0,0,85.69,3.524,214.8368678,7.852,23.11,0.1
2,2011-07-08,1853161.99,0,87.7,3.48,214.9296249,7.852,23.11,0.1
2,2011-07-15,1785187.29,0,89.83,3.575,215.0134426,7.852,23.11,0.1
2,2011-07-22,1743816.41,0,89.34,3.651,215.0749122,7.852,23.11,0.1
2,2011-07-29,1680693.06,0,90.07,3.682,215.1363819,7.852,23.11,0.1
2,2011-08-05,1876704.26,0,93.34,3.684,215.1978515,7.852,23.06,0.5
2,2011-08-12,1812768.26,0,91.58,3.638,215.2593211,7.852,23.06,0.5
2,2011-08-19,1844094.59,0,89.86,3.554,215.3229307,7.852,23.06,0.5
2,2011-08-26,1821139.91,0,90.45,3.523,215.386897,7.852,23.06,0.5
2,2011-09-02,1809119.7,0,89.64,3.533,215.4508632,7.852,23.11,0.0
2,2011-09-09,1748000.65,1,77.97,3.546,215.5148295,7.852,23.11,0.0
2,2011-09-16,1691439.52,0,78.85,3.526,215.6944378,7.852,23.11,0.0
2,2011-09-23,1669299.78,0,75.58,3.467,216.0282356,7.852,23.11,0.0
2,2011-09-30,1650394.44,0,78.14,3.355,216.3620333,7.852,23.11,0.0
2,2011-10-07,1837553.43,0,69.92,3.285,216.6958311,7.441,23.18,1.1
2,2011-10-14,1743882.19,0,71.67,3.274,217.0048261,7.441,23.18,1.1
2,2011-10-21,1834680.25,0,64.53,3.353,217.1650042,7.441,23.18,1.1
2,2011-10-28,1769296.25,0,65.87,3.372,217.3251824,7.441,23.18,1.1
2,2011-11-04,1959707.9,0,55.53,3.332,217.4853605,7.441,23.19,0.5
2,2011-11-11,1920725.15,0,59.33,3.297,217.6455387,7.441,23.19,0.5
2,2011-11-18,1902762.5,0,62.01,3.308,217.8670218,7.441,23.19,0.5
2,2011-11-25,2614202.3,1,56.36,3.236,218.1130269,7.441,23.19,0.5
2,2011-12-02,1954952.0,0,48.74,3.172,218.3590319,7.441,23.22,0.2
2,2011-12-09,2290549.32,0,41.76,3.158,218.605037,7.441,23.22,0.2
2,2011-12-16,2432736.52,0,50.13,3.159,218.8217928,7.441,23.22,0.2
2,2011-12-23,3224369.8,0,46.66,3.112,218.9995495,7.441,23.22,0.2
2,2011-12-30,1874226.52,1,44.57,3.129,219.1773063,7.441,23.22,0.2
2,2012-01-06,1799520.14,0,46.75,3.157,219.355063,7.057,23.26,0.1
2,2012-01-13,1744725.48,0,45.99,3.261,219.5328198,7.057,23.26,0.1
2,2012-01-20,1711769.11,0,51.7,3.268,219.6258417,7.057,23.26,0.1
2,2012-01-27,1660906.14,0,50.5,3.29,219.7188636,7.057,23.26,0.1
2,2012-02-03,1935299.94,0,55.21,3.36,219.8118854,7.057,23.28,0.4
2,2012-02-10,2103322.68,1,46.98,3.409,219.9049073,7.057,23.28,0.4
2,2012-02-17,2196688.46,0,43.82,3.51,220.0651993,7.057,23.28,0.4
2,2012-02-24,1861802.7,0,54.63,3.555,220.275944,7.057,23.28,0.4
2,2012-03-02,1952555.66,0,58.79,3.63,220.4866886,7.057,23.36,1.1
2,2012-03-09,1937628.26,0,57.11,3.669,220.6974332,7.057,23.36,1.1
2,2012-03-16,1976082.13,0,63.68,3.734,220.8498468,7.057,23.36,1.1
2,2012-03-23,1790439.16,0,64.01,3.787,220.9244858,7.057,23.36,1.1
2,2012-03-30,1857480.84,0,66.83,3.845,220.9991248,7.057,23.36,1.1
2,2012-04-06,2129035.91,0,68.43,3.891,221.0737638,6.891,23.39,0.8
2,2012-04-13,1935869.1,0,68.08,3.891,221.1484028,6.891,23.39,0.8
2,2012-04-20,1847344.45,0,65.69,3.877,221.2021074,6.891,23.39,0.8
2,2012-04-27,1764133.09,0,67.2,3.814,221.255812,6.891,23.39,0.8
2,2012-05-04,1923957.09,0,76.73,3.749,221.3095166,6.891,23.41,0.1
2,2012-05-11,1917520.99,0,73.87,3.688,221.3632212,6.891,23.41,0.1
2,2012-05-18,2000940.67,0,71.27,3.63,221.380331,6.891,23.41,0.1
2,2012-05-25,1912791.09,0,78.19,3.561,221.3828029,6.891,23.41,0.1
2,2012-06-01,1910092.37,0,78.38,3.501,221.3852748,6.891,23.46,-0.2
2,2012-06-08,2010216.49,0,78.69,3.452,221.3877467,6.891,23.46,-0.2
2,2012-06-15,1962924.3,0,80.56,3.393,221.4009901,6.891,23.46,-0.2
2,2012-06-22,1887733.21,0,81.04,3.346,221.4411622,6.891,23.46,-0.2
2,2012-06-29,1881046.12,0,86.32,3.286,221.4813343,6.891,23.46,-0.2
2,2012-07-06,2041507.4,0,84.2,3.227,221.5215064,6.565,23.49,-0.5
2,2012-07-13,1830075.13,0,80.17,3.256,221.5616784,6.565,23.49,-0.5
2,2012-07-20,1819666.46,0,83.23,3.311,221.5701123,6.565,23.49,-0.5
2,2012-07-27,1757923.88,0,86.37,3.407,221.5785461,6.565,23.49,-0.5
2,2012-08-03,1946104.64,0,90.22,3.417,221.5869799,6.565,23.48,0.8
2,2012-08-10,1866719.96,0,88.55,3.494,221.5954138,6.565,23.48,0.8
2,2012-08-17,1928016.01,0,84.79,3.571,221.6751459,6.565,23.48,0.8
2,2012-08-24,1876788.15,0,76.91,3.62,221.8083518,6.565,23.48,0.8
2,2012-08-31,1947083.3,0,82.64,3.638,221.9415576,6.565,23.48,0.8
2,2012-09-07,1898777.07,1,87.65,3.73,222.0747635,6.565,23.57,0.9
2,2012-09-14,1814806.63,0,75.88,3.717,222.2174395,6.565,23.57,0.9
2,2012-09-21,1829415.67,0,71.09,3.721,222.4169362,6.565,23.57,0.9
2,2012-09-28,1746470.56,0,79.45,3.666,222.6164329,6.565,23.57,0.9
2,2012-10-05,1998321.04,0,70.27,3.617,222.8159296,6.17,23.5,1.1
2,2012-10-12,1900745.13,0,60.97,3.601,223.0154263,6.17,23.5,1.1
2,2012-10-19,1847990.41,0,68.08,3.594,223.0598077,6.17,23.5,1.1
2,2012-10-26,1834458.35,0,69.79,3.506,223.0783366,6.17,23.5,1.1
4,2010-02-05,2135143.87,0,43.76,2.598,126.4420645,8.623,22.46,0.5
4,2010-02-12,2188307.39,1,28.84,2.573,126.4962581,8.623,22.46,0.5
4,2010-02-19,2049860.26,0,36.45,2.54,126.5262857,8.623,22.46,0.5
4,2010-02-26,1925728.84,0,41.36,2.59,126.5522857,8.623,22.46,0.5
4,2010-03-05,1971057.44,0,43.49,2.654,126.5782857,8.623,22.46,0.3
4,2010-03-12,1894324.09,0,49.63,2.704,126.6042857,8.623,22.46,0.3
4,2010-03-19,1897429.36,0,55.19,2.743,126.6066452,8.623,22.46,0.3
4,2010-03-26,1762539.3,0,39.91,2.752,126.6050645,8.623,22.46,0.3
4,2010-04-02,1979247.12,0,48.77,2.74,126.6034839,7.896,22.49,1.6
4,2010-04-09,1818452.72,0,54.16,2.773,126.6019032,7.896,22.49,1.6
4,2010-04-16,1851519.69,0,56.23,2.81,126.5621,7.896,22.49,1.6
4,2010-04-23,1802677.9,0,56.87,2.805,126.4713333,7.896,22.49,1.6
4,2010-04-30,1817273.28,0,53.04,2.787,126.3805667,7.896,22.49,1.6
4,2010-05-07,2000626.14,0,56.77,2.836,126.2898,7.896,22.51,0.4
4,2010-05-14,1875597.28,0,62.35,2.845,126.2085484,7.896,22.51,0.4
4,2010-05-21,1903752.6,0,67.4,2.82,126.1843871,7.896,22.51,0.4
4,2010-05-28,1857533.7,0,67.73,2.756,126.1602258,7.896,22.51,0.4
4,2010-06-04,1903290.58,0,70.83,2.701,126.1360645,7.896,22.53,-1.2
4,2010-06-11,1870619.23,0,78.45,2.668,126.1119032,7.896,22.53,-1.2
4,2010-06-18,1929736.35,0,81.53,2.635,126.114,7.896,22.53,-1.2
4,2010-06-25,1846651.95,0,81.1,2.654,126.1266,7.896,22.53,-1.2
4,2010-07-02,1881337.21,0,73.66,2.668,126.1392,7.372,22.59,-0.5
4,2010-07-09,1812208.22,0,80.35,2.637,126.1518,7.372,22.59,-0.5
4,2010-07-16,1898427.66,0,78.53,2.621,126.1498065,7.372,22.59,-0.5
4,2010-07-23,1848426.78,0,79.78,2.612,126.1283548,7.372,22.59,-0.5
4,2010-07-30,1796637.61,0,80.7,2.65,126.1069032,7.372,22.59,-0.5
4,2010-08-06,1907638.58,0,76.53,2.64,126.0854516,7.372,22.62,0.4
4,2010-08-13,2007050.75,0,78.08,2.698,126.064,7.372,22.62,0.4
4,2010-08-20,1997181.09,0,78.83,2.671,126.0766452,7.372,22.62,0.4
4,2010-08-27,1848403.92,0,74.44,2.621,126.0892903,7.372,22.62,0.4
4,2010-09-03,1935857.58,0,76.8,2.584,126.1019355,7.372,22.67,0.4
4,2010-09-10,1865820.81,1,73.54,2.574,126.1145806,7.372,22.67,0.4
4,2010-09-17,1899959.61,0,64.91,2.594,126.1454667,7.372,22.67,0.4
4,2010-09-24,1810684.68,0,60.96,2.642,126.1900333,7.372,22.67,0.4
4,2010-10-01,1842821.02,0,63.96,2.619,126.2346,7.127,22.73,0.6
4,2010-10-08,1951494.85,0,67.73,2.645,126.2791667,7.127,22.73,0.6
4,2010-10-15,1867345.09,0,62.03,2.732,126.3266774,7.127,22.73,0.6
4,2010-10-22,1927610.06,0,64.17,2.736,126.3815484,7.127,22.73,0.6
4,2010-10-29,1933333.0,0,56.94,2.718,126.4364194,7.127,22.73,0.6
4,2010-11-05,2013115.79,0,51.6,2.699,126.4912903,7.127,22.73,1.2
4,2010-11-12,1999794.26,0,52.65,2.741,126.5461613,7.127,22.73,1.2
4,2010-11-19,2097809.4,0,48.05,2.78,126.6072,7.127,22.73,1.2
4,2010-11-26,2789469.45,1,48.08,2.752,126.6692667,7.127,22.73,1.2
4,2010-12-03,2102530.17,0,46.4,2.727,126.7313333,7.127,22.76,0.8
4,2010-12-10,2302504.86,0,42.4,2.86,126.7934,7.127,22.76,0.8
4,2010-12-17,2740057.14,0,46.57,2.884,126.8794839,7.127,22.76,0.8
4,2010-12-24,3526713.39,0,43.21,2.887,126.9835806,7.127,22.76,0.8
4,2010-12-31,1794868.74,1,38.09,2.955,127.0876774,7.127,22.76,0.8
4,2011-01-07,1862476.27,0,39.34,2.98,127.1917742,6.51,22.87,0.6
4,2011-01-14,1865502.46,0,31.6,2.992,127.3009355,6.51,22.87,0.6
4,2011-01-21,1886393.94,0,38.34,3.017,127.4404839,6.51,22.87,0.6
4,2011-01-28,1814240.85,0,40.6,3.022,127.5800323,6.51,22.87,0.6
4,2011-02-04,2119086.04,0,34.61,2.996,127.7195806,6.51,22.87,0.3
4,2011-02-11,2187847.29,1,33.29,3.033,127.859129,6.51,22.87,0.3
4,2011-02-18,2316495.56,0,48.17,3.058,127.99525,6.51,22.87,0.3
4,2011-02-25,2078094.69,0,49.0,3.087,128.13,6.51,22.87,0.3
4,2011-03-04,2103455.75,0,46.56,3.305,128.26475,6.51,22.87,1.0
4,2011-03-11,2039818.41,0,50.93,3.461,128.3995,6.51,22.87,1.0
4,2011-03-18,2116475.38,0,51.86,3.495,128.5121935,6.51,22.87,1.0
4,2011-03-25,1944164.32,0,59.1,3.48,128.6160645,6.51,22.87,1.0
4,2011-04-01,1900246.47,0,56.99,3.521,128.7199355,5.946,22.91,0.4
4,2011-04-08,2074953.46,0,62.61,3.605,128.8238065,5.946,22.91,0.4
4,2011-04-15,1960587.76,0,62.34,3.724,128.9107333,5.946,22.91,0.4
4,2011-04-22,2220600.76,0,68.8,3.781,128.9553,5.946,22.91,0.4
4,2011-04-29,1878167.44,0,64.22,3.781,128.9998667,5.946,22.91,0.4
4,2011-05-06,2063682.76,0,63.41,3.866,129.0444333,5.946,22.97,0.5
4,2011-05-13,2002362.37,0,70.65,3.872,129.089,5.946,22.97,0.5
4,2011-05-20,2015563.48,0,70.49,3.881,129.0756774,5.946,22.97,0.5
4,2011-05-27,1986597.95,0,73.65,3.771,129.0623548,5.946,22.97,0.5
4,2011-06-03,2065377.15,0,78.26,3.683,129.0490323,5.946,23.0,-0.2
4,2011-06-10,2073951.38,0,80.05,3.64,129.0357097,5.946,23.0,-0.2
4,2011-06-17,2141210.62,0,83.51,3.618,129.0432,5.946,23.0,-0.2
4,2011-06-24,2008344.92,0,81.85,3.57,129.0663,5.946,23.0,-0.2
4,2011-07-01,2051533.53,0,84.54,3.504,129.0894,5.644,23.11,0.1
4,2011-07-08,2066541.86,0,84.59,3.469,129.1125,5.644,23.11,0.1
4,2011-07-15,2049046.95,0,83.27,3.563,129.1338387,5.644,23.11,0.1
4,2011-07-22,2036231.39,0,82.84,3.627,129.1507742,5.644,23.11,0.1
4,2011-07-29,1989674.07,0,84.36,3.659,129.1677097,5.644,23.11,0.1
4,2011-08-05,2160057.39,0,86.09,3.662,129.1846452,5.644,23.06,0.5
4,2011-08-12,2105668.74,0,82.98,3.617,129.2015806,5.644,23.06,0.5
4,2011-08-19,2232892.1,0,82.77,3.55,129.2405806,5.644,23.06,0.5
4,2011-08-26,1988490.21,0,81.47,3.523,129.2832581,5.644,23.06,0.5
4,2011-09-02,2078420.31,0,77.99,3.533,129.3259355,5.644,23.11,0.0
4,2011-09-09,2093139.01,1,73.34,3.554,129.3686129,5.644,23.11,0.0
4,2011-09-16,2075577.33,0,72.76,3.532,129.4306,5.644,23.11,0.0
4,2011-09-23,2031406.41,0,69.23,3.473,129.5183333,5.644,23.11,0.0
4,2011-09-30,1929486.63,0,72.15,3.371,129.6060667,5.644,23.11,0.0
4,2011-10-07,2166737.65,0,65.79,3.299,129.6938,5.143,23.18,1.1
4,2011-10-14,2074548.85,0,63.75,3.283,129.7706452,5.143,23.18,1.1
4,2011-10-21,2207742.13,0,64.79,3.361,129.7821613,5.143,23.18,1.1
4,2011-10-28,2151659.59,0,55.31,3.362,129.7936774,5.143,23.18,1.1
4,2011-11-04,2281217.31,0,49.86,3.322,129.8051935,5.143,23.19,0.5
4,2011-11-11,2203028.96,0,47.12,3.286,129.8167097,5.143,23.19,0.5
4,2011-11-18,2243946.59,0,50.44,3.294,129.8268333,5.143,23.19,0.5
4,2011-11-25,3004702.33,1,47.96,3.225,129.8364,5.143,23.19,0.5
4,2011-12-02,2180999.26,0,38.71,3.176,129.8459667,5.143,23.22,0.2
4,2011-12-09,2508955.24,0,31.64,3.153,129.8555333,5.143,23.22,0.2
4,2011-12-16,2771397.17,0,36.44,3.149,129.8980645,5.143,23.22,0.2
4,2011-12-23,3676388.98,0,35.92,3.103,129.9845484,5.143,23.22,0.2
4,2011-12-30,2007105.86,1,36.89,3.119,130.0710323,5.143,23.22,0.2
4,2012-01-06,2047766.07,0,38.64,3.158,130.1575161,4.607,23.26,0.1
4,2012-01-13,1941676.61,0,34.41,3.263,130.244,4.607,23.26,0.1
4,2012-01-20,2005097.76,0,42.09,3.273,130.2792258,4.607,23.26,0.1
4,2012-01-27,1928720.51,0,40.31,3.29,130.3144516,4.607,23.26,0.1
4,2012-02-03,2173373.91,0,41.81,3.354,130.3496774,4.607,23.28,0.4
4,2012-02-10,2374660.64,1,33.0,3.411,130.3849032,4.607,23.28,0.4
4,2012-02-17,2427640.17,0,34.19,3.493,130.4546207,4.607,23.28,0.4
4,2012-02-24,2226662.17,0,41.31,3.541,130.5502069,4.607,23.28,0.4
4,2012-03-02,2206319.9,0,50.38,3.619,130.6457931,4.607,23.36,1.1
4,2012-03-09,2202450.81,0,53.63,3.667,130.7413793,4.607,23.36,1.1
4,2012-03-16,2214967.44,0,59.81,3.707,130.8261935,4.607,23.36,1.1
4,2012-03-23,2091592.54,0,59.07,3.759,130.8966452,4.607,23.36,1.1
4,2012-03-30,2089381.77,0,72.63,3.82,130.9670968,4.607,23.36,1.1
4,2012-04-06,2470206.13,0,67.69,3.864,131.0375484,4.308,23.39,0.8
4,2012-04-13,2105301.39,0,68.69,3.881,131.108,4.308,23.39,0.8
4,2012-04-20,2144336.89,0,68.6,3.864,131.1173333,4.308,23.39,0.8
4,2012-04-27,2064065.66,0,76.47,3.81,131.1266667,4.308,23.39,0.8
4,2012-05-04,2196968.33,0,80.14,3.747,131.136,4.308,23.41,0.1
4,2012-05-11,2127661.17,0,67.64,3.685,131.1453333,4.308,23.41,0.1
4,2012-05-18,2207214.81,0,68.43,3.62,131.0983226,4.308,23.41,0.1
4,2012-05-25,2154137.67,0,77.47,3.551,131.0287742,4.308,23.41,0.1
4,2012-06-01,2179360.94,0,77.41,3.483,130.9592258,4.308,23.46,-0.2
4,2012-06-08,2245257.18,0,78.11,3.433,130.8896774,4.308,23.46,-0.2
4,2012-06-15,2234190.93,0,80.94,3.372,130.8295333,4.308,23.46,-0.2
4,2012-06-22,2197299.65,0,81.63,3.329,130.7929,4.308,23.46,-0.2
4,2012-06-29,2128362.92,0,84.23,3.257,130.7562667,4.308,23.46,-0.2
4,2012-07-06,2224499.28,0,80.37,3.187,130.7196333,4.077,23.49,-0.5
4,2012-07-13,2100252.61,0,76.86,3.224,130.683,4.077,23.49,-0.5
4,2012-07-20,2175563.69,0,79.14,3.263,130.7012903,4.077,23.49,-0.5
4,2012-07-27,2048613.65,0,81.06,3.356,130.7195806,4.077,23.49,-0.5
4,2012-08-03,2174514.13,0,83.86,3.374,130.737871,4.077,23.48,0.8
4,2012-08-10,2193367.69,0,83.21,3.476,130.7561613,4.077,23.48,0.8
4,2012-08-17,2283540.3,0,81.41,3.552,130.7909677,4.077,23.48,0.8
4,2012-08-24,2125241.68,0,75.76,3.61,130.8381613,4.077,23.48,0.8
4,2012-08-31,2081181.35,0,76.47,3.646,130.8853548,4.077,23.48,0.8
4,2012-09-07,2125104.72,1,82.09,3.709,130.9325484,4.077,23.57,0.9
4,2012-09-14,2117854.6,0,68.2,3.706,130.9776667,4.077,23.57,0.9
4,2012-09-21,2119438.53,0,68.97,3.721,131.0103333,4.077,23.57,0.9
4,2012-09-28,2027620.23,0,71.74,3.666,131.043,4.077,23.57,0.9
4,2012-10-05,2209835.43,0,63.07,3.62,131.0756667,3.879,23.5,1.1
4,2012-10-12,2133026.07,0,57.11,3.603,131.1083333,3.879,23.5,1.1
4,2012-10-19,2097266.85,0,64.46,3.61,131.1499677,3.879,23.5,1.1
4,2012-10-26,2149594.46,0,63.64,3.514,131.1930968,3.879,23.5,1.1
6,2010-02-05,1652635.1,0,40.43,2.572,212.6223518,7.259,22.46,0.5
6,2010-02-12,1606283.86,1,40.57,2.548,212.7700425,7.259,22.46,0.5
6,2010-02-19,1567138.07,0,43.58,2.514,212.8161546,7.259,22.46,0.5
6,2010-02-26,1432953.21,0,47.1,2.561,212.845337,7.259,22.46,0.5
6,2010-03-05,1601348.82,0,49.63,2.625,212.8745193,7.259,22.46,0.3
6,2010-03-12,1558621.36,0,58.82,2.667,212.9037017,7.259,22.46,0.3
6,2010-03-19,1693058.91,0,56.55,2.72,212.7351935,7.259,22.46,0.3
6,2010-03-26,1472033.38,0,53.74,2.732,212.533737,7.259,22.46,0.3
6,2010-04-02,1770333.9,0,64.94,2.719,212.3322805,7.092,22.49,1.6
6,2010-04-09,1667181.82,0,66.15,2.77,212.1308239,7.092,22.49,1.6
6,2010-04-16,1519846.36,0,65.68,2.808,211.9942765,7.092,22.49,1.6
6,2010-04-23,1540435.99,0,64.11,2.795,211.9442745,7.092,22.49,1.6
6,2010-04-30,1498080.16,0,68.91,2.78,211.8942725,7.092,22.49,1.6
6,2010-05-07,1619920.04,0,73.68,2.835,211.8442706,7.092,22.51,0.4
6,2010-05-14,1524059.4,0,74.95,2.854,211.8421769,7.092,22.51,0.4
6,2010-05-21,1531938.44,0,74.8,2.826,212.1275324,7.092,22.51,0.4
6,2010-05-28,1644470.66,0,78.89,2.759,212.412888,7.092,22.51,0.4
6,2010-06-04,1857380.09,0,79.44,2.705,212.6982436,7.092,22.53,-1.2
6,2010-06-11,1685652.35,0,81.81,2.668,212.9835992,7.092,22.53,-1.2
6,2010-06-18,1677248.24,0,83.89,2.637,212.9813843,7.092,22.53,-1.2
6,2010-06-25,1640681.88,0,84.2,2.653,212.8641412,7.092,22.53,-1.2
6,2010-07-02,1759777.25,0,80.34,2.669,212.746898,6.973,22.59,-0.5
6,2010-07-09,1690317.99,0,80.93,2.642,212.6296549,6.973,22.59,-0.5
6,2010-07-16,1560120.8,0,83.75,2.623,212.6212163,6.973,22.59,-0.5
6,2010-07-23,1585240.92,0,83.9,2.608,212.7578505,6.973,22.59,-0.5
6,2010-07-30,1532308.78,0,81.37,2.64,212.8944846,6.973,22.59,-0.5
6,2010-08-06,1633241.59,0,86.61,2.627,213.0311188,6.973,22.62,0.4
6,2010-08-13,1547654.98,0,86.83,2.692,213.1677529,6.973,22.62,0.4
6,2010-08-20,1539930.5,0,87.36,2.664,213.1291427,6.973,22.62,0.4
6,2010-08-27,1450766.12,0,85.71,2.619,213.0905324,6.973,22.62,0.4
6,2010-09-03,1510925.32,0,82.15,2.577,213.0519222,6.973,22.67,0.4
6,2010-09-10,1424225.44,1,78.78,2.565,213.013312,6.973,22.67,0.4
6,2010-09-17,1308537.75,0,81.78,2.582,213.0398643,6.973,22.67,0.4
6,2010-09-24,1275591.84,0,76.49,2.624,213.1152886,6.973,22.67,0.4
6,2010-10-01,1328468.89,0,70.69,2.603,213.1907129,7.007,22.73,0.6
6,2010-10-08,1360317.9,0,65.21,2.633,213.2661373,7.007,22.73,0.6
6,2010-10-15,1344580.92,0,68.93,2.72,213.3337977,7.007,22.73,0.6
6,2010-10-22,1332716.53,0,70.97,2.725,213.3820486,7.007,22.73,0.6
6,2010-10-29,1385323.7,0,70.39,2.716,213.4302994,7.007,22.73,0.6
6,2010-11-05,1505442.15,0,59.9,2.689,213.4785503,7.007,22.73,1.2
6,2010-11-12,1495536.46,0,62.11,2.728,213.5268011,7.007,22.73,1.2
6,2010-11-19,1518841.45,0,52.99,2.771,213.4107412,7.007,22.73,1.2
6,2010-11-26,2267452.4,1,65.79,2.735,213.2672961,7.007,22.73,1.2
6,2010-12-03,1677067.24,0,52.3,2.708,213.123851,7.007,22.76,0.8
6,2010-12-10,1834737.58,0,48.46,2.843,212.9804059,7.007,22.76,0.8
6,2010-12-17,2090268.95,0,52.24,2.869,212.918049,7.007,22.76,0.8
6,2010-12-24,2727575.18,0,55.07,2.886,212.9165082,7.007,22.76,0.8
6,2010-12-31,1464050.02,1,49.14,2.943,212.9149674,7.007,22.76,0.8
6,2011-01-07,1350441.68,0,47.78,2.976,212.9134266,6.858,22.87,0.6
6,2011-01-14,1306194.55,0,38.37,2.983,212.9655882,6.858,22.87,0.6
6,2011-01-21,1261253.18,0,46.2,3.016,213.3399647,6.858,22.87,0.6
6,2011-01-28,1287034.7,0,44.98,3.01,213.7143412,6.858,22.87,0.6
6,2011-02-04,1514999.17,0,40.59,2.989,214.0887176,6.858,22.87,0.3
6,2011-02-11,1486920.17,1,39.38,3.022,214.4630941,6.858,22.87,0.3
6,2011-02-18,1572117.54,0,59.61,3.045,214.7775231,6.858,22.87,0.3
6,2011-02-25,1422600.43,0,62.86,3.065,215.0679731,6.858,22.87,0.3
6,2011-03-04,1502617.99,0,60.45,3.288,215.3584231,6.858,22.87,1.0
6,2011-03-11,1494497.39,0,57.71,3.459,215.6488731,6.858,22.87,1.0
6,2011-03-18,1685375.47,0,65.07,3.488,215.9035078,6.858,22.87,1.0
6,2011-03-25,1438465.81,0,70.83,3.473,216.1438163,6.858,22.87,1.0
6,2011-04-01,1459276.77,0,62.25,3.524,216.3841249,6.855,22.91,0.4
6,2011-04-08,1534594.0,0,70.35,3.622,216.6244334,6.855,22.91,0.4
6,2011-04-15,1448797.02,0,73.17,3.743,216.8446627,6.855,22.91,0.4
6,2011-04-22,1639358.93,0,74.24,3.807,217.0146941,6.855,22.91,0.4
6,2011-04-29,1479249.9,0,75.27,3.81,217.1847255,6.855,22.91,0.4
6,2011-05-06,1504651.57,0,65.42,3.906,217.3547569,6.855,22.97,0.5
6,2011-05-13,1453185.65,0,76.95,3.899,217.5247882,6.855,22.97,0.5
6,2011-05-20,1382783.83,0,72.01,3.907,217.2896095,6.855,22.97,0.5
6,2011-05-27,1523979.11,0,80.83,3.786,217.0544307,6.855,22.97,0.5
6,2011-06-03,1705506.29,0,84.01,3.699,216.819252,6.855,23.0,-0.2
6,2011-06-10,1598643.65,0,84.49,3.648,216.5840732,6.855,23.0,-0.2
6,2011-06-17,1622150.33,0,87.08,3.637,216.5371616,6.855,23.0,-0.2
6,2011-06-24,1543365.9,0,85.51,3.594,216.6314502,6.855,23.0,-0.2
6,2011-07-01,1694551.15,0,87.0,3.524,216.7257388,6.925,23.11,0.1
6,2011-07-08,1709373.62,0,88.36,3.48,216.8200275,6.925,23.11,0.1
6,2011-07-15,1526801.24,0,88.93,3.575,216.9044732,6.925,23.11,0.1
6,2011-07-22,1526506.08,0,88.06,3.651,216.964312,6.925,23.11,0.1
6,2011-07-29,1483991.05,0,90.22,3.682,217.0241507,6.925,23.11,0.1
6,2011-08-05,1601584.57,0,91.46,3.684,217.0839894,6.925,23.06,0.5
6,2011-08-12,1484995.38,0,90.49,3.638,217.1438281,6.925,23.06,0.5
6,2011-08-19,1493544.04,0,89.26,3.554,217.2069662,6.925,23.06,0.5
6,2011-08-26,1420405.41,0,90.07,3.523,217.2706543,6.925,23.06,0.5
6,2011-09-02,1481618.74,0,91.22,3.533,217.3343423,6.925,23.11,0.0
6,2011-09-09,1483574.38,1,80.21,3.546,217.3980304,6.925,23.11,0.0
6,2011-09-16,1351407.79,0,84.94,3.526,217.5797506,6.925,23.11,0.0
6,2011-09-23,1336044.75,0,78.49,3.467,217.9188471,6.925,23.11,0.0
6,2011-09-30,1307551.92,0,82.51,3.355,218.2579435,6.925,23.11,0.0
6,2011-10-07,1481739.2,0,74.1,3.285,218.59704,6.551,23.18,1.1
6,2011-10-14,1386520.99,0,71.24,3.274,218.9109844,6.551,23.18,1.1
6,2011-10-21,1417922.37,0,68.53,3.353,219.0740167,6.551,23.18,1.1
6,2011-10-28,1419445.12,0,69.51,3.372,219.237049,6.551,23.18,1.1
6,2011-11-04,1523420.38,0,58.54,3.332,219.4000812,6.551,23.19,0.5
6,2011-11-11,1536176.54,0,61.33,3.297,219.5631135,6.551,23.19,0.5
6,2011-11-18,1524390.07,0,63.89,3.308,219.7897137,6.551,23.19,0.5
6,2011-11-25,2249811.55,1,62.78,3.236,220.0417412,6.551,23.19,0.5
6,2011-12-02,1688531.34,0,51.18,3.172,220.2937686,6.551,23.22,0.2
6,2011-12-09,1903385.14,0,43.64,3.158,220.5457961,6.551,23.22,0.2
6,2011-12-16,2034695.56,0,53.27,3.159,220.7671856,6.551,23.22,0.2
6,2011-12-23,2644633.02,0,49.45,3.112,220.9477245,6.551,23.22,0.2
6,2011-12-30,1598080.52,1,46.8,3.129,221.1282634,6.551,23.22,0.2
6,2012-01-06,1395339.71,0,50.82,3.157,221.3088023,6.132,23.26,0.1
6,2012-01-13,1344243.17,0,48.33,3.261,221.4893412,6.132,23.26,0.1
6,2012-01-20,1326255.7,0,55.37,3.268,221.5831306,6.132,23.26,0.1
6,2012-01-27,1315610.66,0,53.95,3.29,221.6769199,6.132,23.26,0.1
6,2012-02-03,1496305.78,0,57.45,3.36,221.7707093,6.132,23.28,0.4
6,2012-02-10,1620603.92,1,48.58,3.409,221.8644987,6.132,23.28,0.4
6,2012-02-17,1632616.09,0,49.03,3.51,222.026359,6.132,23.28,0.4
6,2012-02-24,1465187.71,0,59.17,3.555,222.2392726,6.132,23.28,0.4
6,2012-03-02,1550385.65,0,60.32,3.63,222.4521862,6.132,23.36,1.1
6,2012-03-09,1569304.4,0,57.89,3.669,222.6650998,6.132,23.36,1.1
6,2012-03-16,1748010.29,0,62.8,3.734,222.8186603,6.132,23.36,1.1
6,2012-03-23,1495143.62,0,63.71,3.787,222.8930835,6.132,23.36,1.1
6,2012-03-30,1508933.26,0,67.91,3.845,222.9675066,6.132,23.36,1.1
6,2012-04-06,1840131.19,0,71.6,3.891,223.0419298,5.964,23.39,0.8
6,2012-04-13,1616394.45,0,71.29,3.891,223.1163529,5.964,23.39,0.8
6,2012-04-20,1456073.24,0,68.64,3.877,223.17092,5.964,23.39,0.8
6,2012-04-27,1456221.1,0,71.5,3.814,223.2254871,5.964,23.39,0.8
6,2012-05-04,1543461.12,0,77.66,3.749,223.2800541,5.964,23.41,0.1
6,2012-05-11,1517075.67,0,72.66,3.688,223.3346212,5.964,23.41,0.1
6,2012-05-18,1513635.64,0,70.5,3.63,223.3511928,5.964,23.41,0.1
6,2012-05-25,1603793.42,0,78.47,3.561,223.3525662,5.964,23.41,0.1
6,2012-06-01,1681121.38,0,80.39,3.501,223.3539397,5.964,23.46,-0.2
6,2012-06-08,1696619.52,0,80.5,3.452,223.3553131,5.964,23.46,-0.2
6,2012-06-15,1642247.48,0,82.1,3.393,223.3680933,5.964,23.46,-0.2
6,2012-06-22,1618272.25,0,81.2,3.346,223.4093906,5.964,23.46,-0.2
6,2012-06-29,1648863.46,0,87.35,3.286,223.4506878,5.964,23.46,-0.2
6,2012-07-06,1876359.39,0,82.95,3.227,223.4919851,5.668,23.49,-0.5
6,2012-07-13,1588142.26,0,80.27,3.256,223.5332824,5.668,23.49,-0.5
6,2012-07-20,1574361.97,0,81.57,3.311,223.5424501,5.668,23.49,-0.5
6,2012-07-27,1513229.16,0,85.78,3.407,223.5516178,5.668,23.49,-0.5
6,2012-08-03,1627274.93,0,87.55,3.417,223.5607856,5.668,23.48,0.8
6,2012-08-10,1588380.73,0,87.04,3.494,223.5699533,5.668,23.48,0.8
6,2012-08-17,1543049.52,0,87.53,3.571,223.6510224,5.668,23.48,0.8
6,2012-08-24,1501095.49,0,79.03,3.62,223.7860175,5.668,23.48,0.8
6,2012-08-31,1577439.81,0,83.58,3.638,223.9210125,5.668,23.48,0.8
6,2012-09-07,1608077.01,1,86.33,3.73,224.0560076,5.668,23.57,0.9
6,2012-09-14,1375166.86,0,76.41,3.717,224.2004678,5.668,23.57,0.9
6,2012-09-21,1425603.65,0,70.81,3.721,224.4017192,5.668,23.57,0.9
6,2012-09-28,1369131.46,0,77.82,3.666,224.6029706,5.668,23.57,0.9
6,2012-10-05,1518177.71,0,70.84,3.617,224.804222,5.329,23.5,1.1
6,2012-10-12,1459396.84,0,65.43,3.601,225.0054733,5.329,23.5,1.1
6,2012-10-19,1436883.99,0,69.68,3.594,225.0501013,5.329,23.5,1.1
6,2012-10-26,1431426.34,0,72.34,3.506,225.0686254,5.329,23.5,1.1
8,2010-02-05,1004137.09,0,34.14,2.572,214.4714512,6.299,22.46,0.5
8,2010-02-12,994801.4,1,33.34,2.548,214.6214189,6.299,22.46,0.5
8,2010-02-19,963960.37,0,39.1,2.514,214.6664878,6.299,22.46,0.5
8,2010-02-26,847592.11,0,37.91,2.561,214.6940735,6.299,22.46,0.5
8,2010-03-05,881503.95,0,45.64,2.625,214.7216592,6.299,22.46,0.3
8,2010-03-12,860336.16,0,49.76,2.667,214.7492449,6.299,22.46,0.3
8,2010-03-19,839911.0,0,47.26,2.72,214.5764954,6.299,22.46,0.3
8,2010-03-26,772539.12,0,46.51,2.732,214.3703567,6.299,22.46,0.3
8,2010-04-02,914500.91,0,60.18,2.719,214.164218,6.29,22.49,1.6
8,2010-04-09,916033.92,0,59.25,2.77,213.9580793,6.29,22.49,1.6
8,2010-04-16,882917.12,0,62.66,2.808,213.8186357,6.29,22.49,1.6
8,2010-04-23,850440.26,0,56.1,2.795,213.768119,6.29,22.49,1.6
8,2010-04-30,778672.64,0,61.01,2.78,213.7176024,6.29,22.49,1.6
8,2010-05-07,916820.96,0,62.68,2.835,213.6670857,6.29,22.51,0.4
8,2010-05-14,873337.84,0,61.35,2.854,213.6655355,6.29,22.51,0.4
8,2010-05-21,818333.21,0,66.03,2.826,213.9577839,6.29,22.51,0.4
8,2010-05-28,868041.56,0,74.71,2.759,214.2500323,6.29,22.51,0.4
8,2010-06-04,958225.41,0,75.71,2.705,214.5422806,6.29,22.53,-1.2
8,2010-06-11,914835.86,0,82.21,2.668,214.834529,6.29,22.53,-1.2
8,2010-06-18,869922.56,0,78.79,2.637,214.8324452,6.29,22.53,-1.2
8,2010-06-25,814919.11,0,81.78,2.653,214.7126286,6.29,22.53,-1.2
8,2010-07-02,852333.75,0,74.78,2.669,214.5928119,6.315,22.59,-0.5
8,2010-07-09,845289.77,0,72.49,2.642,214.4729952,6.315,22.59,-0.5
8,2010-07-16,848630.57,0,77.49,2.623,214.4640599,6.315,22.59,-0.5
8,2010-07-23,785515.88,0,78.29,2.608,214.6029664,6.315,22.59,-0.5
8,2010-07-30,787295.09,0,76.02,2.64,214.7418728,6.315,22.59,-0.5
8,2010-08-06,893399.77,0,80.37,2.627,214.8807793,6.315,22.62,0.4
8,2010-08-13,867919.21,0,80.11,2.692,215.0196857,6.315,22.62,0.4
8,2010-08-20,870676.44,0,79.36,2.664,214.9779825,6.315,22.62,0.4
8,2010-08-27,888816.78,0,74.92,2.619,214.9362793,6.315,22.62,0.4
8,2010-09-03,899036.47,0,76.14,2.577,214.894576,6.315,22.67,0.4
8,2010-09-10,831425.2,1,74.34,2.565,214.8528728,6.315,22.67,0.4
8,2010-09-17,836707.85,0,75.32,2.582,214.8785562,6.315,22.67,0.4
8,2010-09-24,773725.08,0,72.21,2.624,214.9547795,6.315,22.67,0.4
8,2010-10-01,804105.49,0,68.7,2.603,215.0310029,6.433,22.73,0.6
8,2010-10-08,870349.86,0,62.94,2.633,215.1072262,6.433,22.73,0.6
8,2010-10-15,826546.96,0,62.59,2.72,215.1757,6.433,22.73,0.6
8,2010-10-22,836419.14,0,62.86,2.725,215.2248,6.433,22.73,0.6
8,2010-10-29,830756.76,0,57.93,2.716,215.2739,6.433,22.73,0.6
8,2010-11-05,927266.34,0,55.76,2.689,215.323,6.433,22.73,1.2
8,2010-11-12,911538.98,0,54.89,2.728,215.3721,6.433,22.73,1.2
8,2010-11-19,885608.04,0,43.86,2.771,215.2538714,6.433,22.73,1.2
8,2010-11-26,1261693.16,1,51.07,2.735,215.1077548,6.433,22.73,1.2
8,2010-12-03,952766.93,0,42.85,2.708,214.9616381,6.433,22.76,0.8
8,2010-12-10,1069061.63,0,42.47,2.843,214.8155214,6.433,22.76,0.8
8,2010-12-17,1220579.55,0,45.03,2.869,214.7510843,6.433,22.76,0.8
8,2010-12-24,1511641.09,0,45.67,2.886,214.7479069,6.433,22.76,0.8
8,2010-12-31,773586.49,1,41.47,2.943,214.7447295,6.433,22.76,0.8
8,2011-01-07,873065.23,0,35.77,2.976,214.7415521,6.262,22.87,0.6
8,2011-01-14,809646.66,0,31.62,2.983,214.7930991,6.262,22.87,0.6
8,2011-01-21,822668.23,0,42.06,3.016,215.1729926,6.262,22.87,0.6
8,2011-01-28,782256.66,0,39.26,3.01,215.5528862,6.262,22.87,0.6
8,2011-02-04,944594.78,0,24.48,2.989,215.9327797,6.262,22.87,0.3
8,2011-02-11,996147.39,1,28.26,3.022,216.3126733,6.262,22.87,0.3
8,2011-02-18,1065108.64,0,50.64,3.045,216.6310383,6.262,22.87,0.3
8,2011-02-25,917317.15,0,51.29,3.065,216.9247918,6.262,22.87,0.3
8,2011-03-04,935266.43,0,53.18,3.288,217.2185454,6.262,22.87,1.0
8,2011-03-11,900387.29,0,49.14,3.459,217.512299,6.262,22.87,1.0
8,2011-03-18,898289.14,0,56.68,3.488,217.7705442,6.262,22.87,1.0
8,2011-03-25,827968.36,0,59.74,3.473,218.0145862,6.262,22.87,1.0
8,2011-04-01,878762.3,0,49.86,3.524,218.2586281,6.297,22.91,0.4
8,2011-04-08,949825.83,0,65.62,3.622,218.50267,6.297,22.91,0.4
8,2011-04-15,908278.74,0,63.55,3.743,218.7262524,6.297,22.91,0.4
8,2011-04-22,937473.13,0,65.11,3.807,218.8986857,6.297,22.91,0.4
8,2011-04-29,855014.77,0,62.29,3.81,219.071119,6.297,22.91,0.4
8,2011-05-06,941457.34,0,58.92,3.906,219.2435524,6.297,22.97,0.5
8,2011-05-13,895763.41,0,72.96,3.899,219.4159857,6.297,22.97,0.5
8,2011-05-20,836049.89,0,65.54,3.907,219.1746922,6.297,22.97,0.5
8,2011-05-27,857939.41,0,73.14,3.786,218.9333986,6.297,22.97,0.5
8,2011-06-03,929222.16,0,82.05,3.699,218.6921051,6.297,23.0,-0.2
8,2011-06-10,897309.41,0,82.21,3.648,218.4508115,6.297,23.0,-0.2
8,2011-06-17,922048.41,0,84.73,3.637,218.4021448,6.297,23.0,-0.2
8,2011-06-24,864881.24,0,83.94,3.594,218.4979481,6.297,23.0,-0.2
8,2011-07-01,883683.35,0,87.26,3.524,218.5937514,6.425,23.11,0.1
8,2011-07-08,861965.12,0,83.57,3.48,218.6895548,6.425,23.11,0.1
8,2011-07-15,849925.37,0,84.26,3.575,218.7746217,6.425,23.11,0.1
8,2011-07-22,829902.42,0,85.46,3.651,218.8328475,6.425,23.11,0.1
8,2011-07-29,807082.19,0,86.46,3.682,218.8910733,6.425,23.11,0.1
8,2011-08-05,892393.77,0,85.15,3.684,218.9492991,6.425,23.06,0.5
8,2011-08-12,856796.1,0,86.05,3.638,219.0075249,6.425,23.06,0.5
8,2011-08-19,895066.5,0,82.92,3.554,219.0701968,6.425,23.06,0.5
8,2011-08-26,912542.82,0,84.69,3.523,219.1336097,6.425,23.06,0.5
8,2011-09-02,891387.14,0,84.77,3.533,219.1970226,6.425,23.11,0.0
8,2011-09-09,848358.09,1,69.01,3.546,219.2604355,6.425,23.11,0.0
8,2011-09-16,870971.82,0,69.09,3.526,219.4442443,6.425,23.11,0.0
8,2011-09-23,806444.29,0,68.72,3.467,219.788581,6.425,23.11,0.0
8,2011-09-30,809049.37,0,72.2,3.355,220.1329176,6.425,23.11,0.0
8,2011-10-07,929976.55,0,67.61,3.285,220.4772543,6.123,23.18,1.1
8,2011-10-14,863188.26,0,61.74,3.274,220.7960935,6.123,23.18,1.1
8,2011-10-21,905984.49,0,59.97,3.353,220.9619484,6.123,23.18,1.1
8,2011-10-28,876712.31,0,56.86,3.372,221.1278032,6.123,23.18,1.1
8,2011-11-04,947815.05,0,49.68,3.332,221.2936581,6.123,23.19,0.5
8,2011-11-11,917088.48,0,50.56,3.297,221.4595129,6.123,23.19,0.5
8,2011-11-18,897032.19,0,51.72,3.308,221.6911738,6.123,23.19,0.5
8,2011-11-25,1235163.86,1,49.61,3.236,221.9491571,6.123,23.19,0.5
8,2011-12-02,986601.46,0,40.82,3.172,222.2071405,6.123,23.22,0.2
8,2011-12-09,1051922.95,0,30.51,3.158,222.4651238,6.123,23.22,0.2
8,2011-12-16,1118163.94,0,39.79,3.159,222.6910959,6.123,23.22,0.2
8,2011-12-23,1462254.05,0,38.16,3.112,222.8743862,6.123,23.22,0.2
8,2011-12-30,858572.22,1,36.33,3.129,223.0576765,6.123,23.22,0.2
8,2012-01-06,872113.23,0,43.47,3.157,223.2409668,5.825,23.26,0.1
8,2012-01-13,817661.76,0,36.46,3.261,223.4242571,5.825,23.26,0.1
8,2012-01-20,813954.82,0,46.81,3.268,223.5188055,5.825,23.26,0.1
8,2012-01-27,778178.53,0,45.52,3.29,223.6133539,5.825,23.26,0.1
8,2012-02-03,927610.69,0,45.56,3.36,223.7079023,5.825,23.28,0.4
8,2012-02-10,1021400.42,1,35.71,3.409,223.8024507,5.825,23.28,0.4
8,2012-02-17,1096232.89,0,37.51,3.51,223.9658621,5.825,23.28,0.4
8,2012-02-24,928537.54,0,46.33,3.555,224.1809207,5.825,23.28,0.4
8,2012-03-02,952264.91,0,50.95,3.63,224.3959793,5.825,23.36,1.1
8,2012-03-09,960115.56,0,49.59,3.669,224.6110379,5.825,23.36,1.1
8,2012-03-16,921178.39,0,56.63,3.734,224.7657327,5.825,23.36,1.1
8,2012-03-23,874223.25,0,52.9,3.787,224.8399424,5.825,23.36,1.1
8,2012-03-30,905935.29,0,66.69,3.845,224.9141521,5.825,23.36,1.1
8,2012-04-06,1046816.59,0,62.18,3.891,224.9883618,5.679,23.39,0.8
8,2012-04-13,909989.45,0,65.19,3.891,225.0625714,5.679,23.39,0.8
8,2012-04-20,872288.46,0,63.59,3.877,225.1179914,5.679,23.39,0.8
8,2012-04-27,879448.25,0,70.34,3.814,225.1734114,5.679,23.39,0.8
8,2012-05-04,937232.09,0,73.96,3.749,225.2288314,5.679,23.41,0.1
8,2012-05-11,920128.89,0,64.96,3.688,225.2842514,5.679,23.41,0.1
8,2012-05-18,913922.01,0,64.16,3.63,225.3002908,5.679,23.41,0.1
8,2012-05-25,895157.44,0,76.11,3.561,225.3005779,5.679,23.41,0.1
8,2012-06-01,921161.2,0,78.31,3.501,225.300865,5.679,23.46,-0.2
8,2012-06-08,928820.0,0,74.28,3.452,225.3011521,5.679,23.46,-0.2
8,2012-06-15,916918.7,0,77.14,3.393,225.3134743,5.679,23.46,-0.2
8,2012-06-22,899449.65,0,78.85,3.346,225.3558843,5.679,23.46,-0.2
8,2012-06-29,878298.22,0,84.47,3.286,225.3982943,5.679,23.46,-0.2
8,2012-07-06,936205.5,0,81.24,3.227,225.4407043,5.401,23.49,-0.5
8,2012-07-13,890488.01,0,78.46,3.256,225.4831143,5.401,23.49,-0.5
8,2012-07-20,888834.07,0,79.94,3.311,225.4930078,5.401,23.49,-0.5
8,2012-07-27,838227.52,0,81.71,3.407,225.5029014,5.401,23.49,-0.5
8,2012-08-03,897076.73,0,85.06,3.417,225.5127949,5.401,23.48,0.8
8,2012-08-10,930745.69,0,83.74,3.494,225.5226885,5.401,23.48,0.8
8,2012-08-17,896613.19,0,81.21,3.571,225.6050797,5.401,23.48,0.8
8,2012-08-24,936373.65,0,73.77,3.62,225.7418442,5.401,23.48,0.8
8,2012-08-31,976137.73,0,75.33,3.638,225.8786088,5.401,23.48,0.8
8,2012-09-07,932160.37,1,80.87,3.73,226.0153733,5.401,23.57,0.9
8,2012-09-14,883569.38,0,67.21,3.717,226.1615981,5.401,23.57,0.9
8,2012-09-21,857796.45,0,66.96,3.721,226.3645848,5.401,23.57,0.9
8,2012-09-28,884724.41,0,71.1,3.666,226.5675714,5.401,23.57,0.9
8,2012-10-05,976436.02,0,61.41,3.617,226.7705581,5.124,23.5,1.1
8,2012-10-12,927511.99,0,55.03,3.601,226.9735448,5.124,23.5,1.1
8,2012-10-19,900309.75,0,62.99,3.594,227.0184166,5.124,23.5,1.1
8,2012-10-26,891671.44,0,64.74,3.506,227.0369359,5.124,23.5,1.1
11,2010-02-05,1528008.64,0,46.04,2.572,214.4248812,7.368,22.46,0.5
11,2010-02-12,1574684.08,1,48.01,2.548,214.5747916,7.368,22.46,0.5
11,2010-02-19,1503298.7,0,48.3,2.514,214.6198868,7.368,22.46,0.5
11,2010-02-26,1336404.65,0,52.79,2.561,214.6475127,7.368,22.46,0.5
11,2010-03-05,1426622.65,0,53.96,2.625,214.6751386,7.368,22.46,0.3
11,2010-03-12,1331883.16,0,64.1,2.667,214.7027646,7.368,22.46,0.3
11,2010-03-19,1364207.0,0,61.51,2.72,214.5301219,7.368,22.46,0.3
11,2010-03-26,1245624.27,0,58.09,2.732,214.3241011,7.368,22.46,0.3
11,2010-04-02,1446210.26,0,66.16,2.719,214.1180803,7.343,22.49,1.6
11,2010-04-09,1470308.32,0,69.57,2.77,213.9120595,7.343,22.49,1.6
11,2010-04-16,1323243.35,0,67.81,2.808,213.7726889,7.343,22.49,1.6
11,2010-04-23,1283766.55,0,68.37,2.795,213.7221852,7.343,22.49,1.6
11,2010-04-30,1239766.89,0,71.13,2.78,213.6716815,7.343,22.49,1.6
11,2010-05-07,1312329.78,0,75.57,2.835,213.6211778,7.343,22.51,0.4
11,2010-05-14,1266796.13,0,77.64,2.854,213.6196139,7.343,22.51,0.4
11,2010-05-21,1271646.62,0,76.97,2.826,213.9116886,7.343,22.51,0.4
11,2010-05-28,1264272.52,0,79.69,2.759,214.2037634,7.343,22.51,0.4
11,2010-06-04,1396322.19,0,79.66,2.705,214.4958382,7.343,22.53,-1.2
11,2010-06-11,1339570.85,0,82.81,2.668,214.787913,7.343,22.53,-1.2
11,2010-06-18,1336522.92,0,84.13,2.637,214.7858259,7.343,22.53,-1.2
11,2010-06-25,1262025.08,0,84.5,2.653,214.6660741,7.343,22.53,-1.2
11,2010-07-02,1302600.14,0,83.09,2.669,214.5463222,7.346,22.59,-0.5
11,2010-07-09,1280156.47,0,83.01,2.642,214.4265704,7.346,22.59,-0.5
11,2010-07-16,1290609.54,0,84.9,2.623,214.4176476,7.346,22.59,-0.5
11,2010-07-23,1244390.03,0,84.57,2.608,214.5564968,7.346,22.59,-0.5
11,2010-07-30,1250178.89,0,83.26,2.64,214.695346,7.346,22.59,-0.5
11,2010-08-06,1369634.92,0,86.54,2.627,214.8341952,7.346,22.62,0.4
11,2010-08-13,1384339.1,0,87.73,2.692,214.9730444,7.346,22.62,0.4
11,2010-08-20,1430192.37,0,88.93,2.664,214.9314191,7.346,22.62,0.4
11,2010-08-27,1311263.07,0,87.7,2.619,214.8897938,7.346,22.62,0.4
11,2010-09-03,1303914.27,0,84.94,2.577,214.8481685,7.346,22.67,0.4
11,2010-09-10,1231428.46,1,81.93,2.565,214.8065431,7.346,22.67,0.4
11,2010-09-17,1215676.31,0,83.04,2.582,214.8322484,7.346,22.67,0.4
11,2010-09-24,1170103.25,0,77.36,2.624,214.9084516,7.346,22.67,0.4
11,2010-10-01,1182490.46,0,75.11,2.603,214.9846548,7.564,22.73,0.6
11,2010-10-08,1293472.8,0,68.71,2.633,215.060858,7.564,22.73,0.6
11,2010-10-15,1175003.67,0,71.46,2.72,215.1293114,7.564,22.73,0.6
11,2010-10-22,1169831.38,0,72.6,2.725,215.17839,7.564,22.73,0.6
11,2010-10-29,1195036.0,0,74.21,2.716,215.2274686,7.564,22.73,0.6
11,2010-11-05,1332759.13,0,64.41,2.689,215.2765472,7.564,22.73,1.2
11,2010-11-12,1281675.6,0,63.74,2.728,215.3256258,7.564,22.73,1.2
11,2010-11-19,1292346.57,0,58.63,2.771,215.2074519,7.564,22.73,1.2
11,2010-11-26,1757242.51,1,69.9,2.735,215.0614025,7.564,22.73,1.2
11,2010-12-03,1380522.64,0,55.9,2.708,214.9153531,7.564,22.76,0.8
11,2010-12-10,1564516.43,0,53.33,2.843,214.7693037,7.564,22.76,0.8
11,2010-12-17,1843971.15,0,54.63,2.869,214.704919,7.564,22.76,0.8
11,2010-12-24,2306265.36,0,59.33,2.886,214.7017828,7.564,22.76,0.8
11,2010-12-31,1172003.1,1,55.03,2.943,214.6986466,7.564,22.76,0.8
11,2011-01-07,1178905.44,0,54.43,2.976,214.6955104,7.551,22.87,0.6
11,2011-01-14,1194449.78,0,45.34,2.983,214.7470729,7.551,22.87,0.6
11,2011-01-21,1187776.19,0,51.51,3.016,215.1268275,7.551,22.87,0.6
11,2011-01-28,1100418.69,0,51.04,3.01,215.5065821,7.551,22.87,0.6
11,2011-02-04,1422546.05,0,47.17,2.989,215.8863367,7.551,22.87,0.3
11,2011-02-11,1419236.9,1,44.61,3.022,216.2660913,7.551,22.87,0.3
11,2011-02-18,1554747.15,0,61.5,3.045,216.5843571,7.551,22.87,0.3
11,2011-02-25,1323999.36,0,68.74,3.065,216.8780275,7.551,22.87,0.3
11,2011-03-04,1399456.99,0,66.5,3.288,217.1716979,7.551,22.87,1.0
11,2011-03-11,1314557.31,0,63.29,3.459,217.4653683,7.551,22.87,1.0
11,2011-03-18,1391813.69,0,70.17,3.488,217.7235226,7.551,22.87,1.0
11,2011-03-25,1229777.24,0,73.74,3.473,217.9674705,7.551,22.87,1.0
11,2011-04-01,1258674.12,0,69.1,3.524,218.2114184,7.574,22.91,0.4
11,2011-04-08,1327401.06,0,73.57,3.622,218.4553663,7.574,22.91,0.4
11,2011-04-15,1312905.8,0,76.64,3.743,218.6788642,7.574,22.91,0.4
11,2011-04-22,1388118.53,0,78.31,3.807,218.851237,7.574,22.91,0.4
11,2011-04-29,1357589.89,0,79.97,3.81,219.0236099,7.574,22.91,0.4
11,2011-05-06,1331453.41,0,71.39,3.906,219.1959827,7.574,22.97,0.5
11,2011-05-13,1277959.42,0,80.93,3.899,219.3683556,7.574,22.97,0.5
11,2011-05-20,1239466.97,0,76.97,3.907,219.127216,7.574,22.97,0.5
11,2011-05-27,1216876.52,0,85.61,3.786,218.8860765,7.574,22.97,0.5
11,2011-06-03,1343637.0,0,86.14,3.699,218.6449369,7.574,23.0,-0.2
11,2011-06-10,1314626.75,0,85.79,3.648,218.4037974,7.574,23.0,-0.2
11,2011-06-17,1337506.74,0,87.9,3.637,218.3551748,7.574,23.0,-0.2
11,2011-06-24,1254587.84,0,86.13,3.594,218.45094,7.574,23.0,-0.2
11,2011-07-01,1297472.06,0,86.43,3.524,218.5467052,7.567,23.11,0.1
11,2011-07-08,1334627.96,0,87.17,3.48,218.6424704,7.567,23.11,0.1
11,2011-07-15,1266546.73,0,88.3,3.575,218.7275216,7.567,23.11,0.1
11,2011-07-22,1290576.44,0,87.8,3.651,218.7857881,7.567,23.11,0.1
11,2011-07-29,1212938.67,0,89.46,3.682,218.8440545,7.567,23.11,0.1
11,2011-08-05,1403198.94,0,90.04,3.684,218.9023209,7.567,23.06,0.5
11,2011-08-12,1354188.43,0,90.3,3.638,218.9605873,7.567,23.06,0.5
11,2011-08-19,1484169.74,0,89.51,3.554,219.023271,7.567,23.06,0.5
11,2011-08-26,1304706.75,0,89.09,3.523,219.0866908,7.567,23.06,0.5
11,2011-09-02,1297792.41,0,91.44,3.533,219.1501106,7.567,23.11,0.0
11,2011-09-09,1249439.95,1,84.91,3.546,219.2135305,7.567,23.11,0.0
11,2011-09-16,1270816.01,0,85.11,3.526,219.3972867,7.567,23.11,0.0
11,2011-09-23,1235775.15,0,82.14,3.467,219.7414914,7.567,23.11,0.0
11,2011-09-30,1190515.83,0,84.4,3.355,220.085696,7.567,23.11,0.0
11,2011-10-07,1346271.06,0,76.97,3.285,220.4299007,7.197,23.18,1.1
11,2011-10-14,1286388.96,0,75.56,3.274,220.7486167,7.197,23.18,1.1
11,2011-10-21,1325107.53,0,70.91,3.353,220.9144005,7.197,23.18,1.1
11,2011-10-28,1310684.1,0,72.66,3.372,221.0801842,7.197,23.18,1.1
11,2011-11-04,1458287.38,0,61.13,3.332,221.245968,7.197,23.19,0.5
11,2011-11-11,1366053.69,0,64.2,3.297,221.4117517,7.197,23.19,0.5
11,2011-11-18,1315091.63,0,66.17,3.308,221.6432852,7.197,23.19,0.5
11,2011-11-25,1848953.48,1,70.03,3.236,221.9011185,7.197,23.19,0.5
11,2011-12-02,1399322.44,0,56.89,3.172,222.1589519,7.197,23.22,0.2
11,2011-12-09,1646655.94,0,50.63,3.158,222.4167852,7.197,23.22,0.2
11,2011-12-16,1783910.06,0,59.69,3.159,222.6426418,7.197,23.22,0.2
11,2011-12-23,2213518.5,0,54.29,3.112,222.8258628,7.197,23.22,0.2
11,2011-12-30,1352084.21,1,48.86,3.129,223.0090839,7.197,23.22,0.2
11,2012-01-06,1283885.55,0,54.44,3.157,223.1923049,6.833,23.26,0.1
11,2012-01-13,1264736.59,0,53.1,3.261,223.3755259,6.833,23.26,0.1
11,2012-01-20,1207303.29,0,56.43,3.268,223.4700552,6.833,23.26,0.1
11,2012-01-27,1162675.85,0,58.36,3.29,223.5645845,6.833,23.26,0.1
11,2012-02-03,1376732.18,0,60.24,3.36,223.6591137,6.833,23.28,0.4
11,2012-02-10,1574287.76,1,52.23,3.409,223.753643,6.833,23.28,0.4
11,2012-02-17,1569607.94,0,52.77,3.51,223.9170153,6.833,23.28,0.4
11,2012-02-24,1379473.03,0,61.11,3.555,224.1320199,6.833,23.28,0.4
11,2012-03-02,1438383.44,0,62.61,3.63,224.3470245,6.833,23.36,1.1
11,2012-03-09,1413382.76,0,61.44,3.669,224.5620291,6.833,23.36,1.1
11,2012-03-16,1441884.28,0,64.21,3.734,224.7166953,6.833,23.36,1.1
11,2012-03-23,1300593.61,0,67.16,3.787,224.7909104,6.833,23.36,1.1
11,2012-03-30,1300104.03,0,70.23,3.845,224.8651254,6.833,23.36,1.1
11,2012-04-06,1596325.01,0,74.19,3.891,224.9393405,6.664,23.39,0.8
11,2012-04-13,1472752.01,0,72.74,3.891,225.0135556,6.664,23.39,0.8
11,2012-04-20,1315356.99,0,71.97,3.877,225.0689541,6.664,23.39,0.8
11,2012-04-27,1236238.29,0,73.4,3.814,225.1243526,6.664,23.39,0.8
11,2012-05-04,1370251.22,0,79.07,3.749,225.1797511,6.664,23.41,0.1
11,2012-05-11,1300147.07,0,75.13,3.688,225.2351496,6.664,23.41,0.1
11,2012-05-18,1352442.31,0,72.53,3.63,225.2512024,6.664,23.41,0.1
11,2012-05-25,1297335.87,0,78.44,3.561,225.2515168,6.664,23.41,0.1
11,2012-06-01,1361595.33,0,81.67,3.501,225.2518313,6.664,23.46,-0.2
11,2012-06-08,1414343.53,0,82.1,3.452,225.2521458,6.664,23.46,-0.2
11,2012-06-15,1417875.42,0,84.97,3.393,225.2644795,6.664,23.46,-0.2
11,2012-06-22,1355680.3,0,83.26,3.346,225.3068615,6.664,23.46,-0.2
11,2012-06-29,1297028.6,0,87.86,3.286,225.3492435,6.664,23.46,-0.2
11,2012-07-06,1461129.94,0,83.44,3.227,225.3916254,6.334,23.49,-0.5
11,2012-07-13,1320239.51,0,82.46,3.256,225.4340074,6.334,23.49,-0.5
11,2012-07-20,1344483.81,0,82.41,3.311,225.4438827,6.334,23.49,-0.5
11,2012-07-27,1272395.02,0,85.43,3.407,225.4537579,6.334,23.49,-0.5
11,2012-08-03,1399341.07,0,86.94,3.417,225.4636332,6.334,23.48,0.8
11,2012-08-10,1388973.65,0,86.21,3.494,225.4735085,6.334,23.48,0.8
11,2012-08-17,1421307.2,0,87.73,3.571,225.5558664,6.334,23.48,0.8
11,2012-08-24,1409515.73,0,83.17,3.62,225.6925864,6.334,23.48,0.8
11,2012-08-31,1372872.35,0,86.49,3.638,225.8293063,6.334,23.48,0.8
11,2012-09-07,1304584.4,1,85.17,3.73,225.9660263,6.334,23.57,0.9
11,2012-09-14,1267675.05,0,79.61,3.717,226.1122067,6.334,23.57,0.9
11,2012-09-21,1326132.98,0,73.64,3.721,226.3151496,6.334,23.57,0.9
11,2012-09-28,1227430.73,0,77.67,3.666,226.5180926,6.334,23.57,0.9
11,2012-10-05,1422794.26,0,73.37,3.617,226.7210356,6.034,23.5,1.1
11,2012-10-12,1311965.09,0,69.94,3.601,226.9239785,6.034,23.5,1.1
11,2012-10-19,1232073.18,0,73.77,3.594,226.9688442,6.034,23.5,1.1
11,2012-10-26,1200729.45,0,74.26,3.506,226.9873637,6.034,23.5,1.1
13,2010-02-05,1967220.53,0,31.53,2.666,126.4420645,8.316,22.46,0.5
13,2010-02-12,2030933.46,1,33.16,2.671,126.4962581,8.316,22.46,0.5
13,2010-02-19,1970274.64,0,35.7,2.654,126.5262857,8.316,22.46,0.5
13,2010-02-26,1817850.32,0,29.98,2.667,126.5522857,8.316,22.46,0.5
13,2010-03-05,1939980.43,0,40.65,2.681,126.5782857,8.316,22.46,0.3
13,2010-03-12,1840686.94,0,37.62,2.733,126.6042857,8.316,22.46,0.3
13,2010-03-19,1879794.89,0,42.49,2.782,126.6066452,8.316,22.46,0.3
13,2010-03-26,1882095.98,0,41.48,2.819,126.6050645,8.316,22.46,0.3
13,2010-04-02,2142482.14,0,42.15,2.842,126.6034839,8.107,22.49,1.6
13,2010-04-09,1898321.33,0,38.97,2.877,126.6019032,8.107,22.49,1.6
13,2010-04-16,1819660.44,0,50.39,2.915,126.5621,8.107,22.49,1.6
13,2010-04-23,1909330.77,0,55.66,2.936,126.4713333,8.107,22.49,1.6
13,2010-04-30,1785823.37,0,48.33,2.941,126.3805667,8.107,22.49,1.6
13,2010-05-07,2005478.46,0,44.42,2.948,126.2898,8.107,22.51,0.4
13,2010-05-14,1890273.44,0,50.15,2.962,126.2085484,8.107,22.51,0.4
13,2010-05-21,1853657.6,0,57.71,2.95,126.1843871,8.107,22.51,0.4
13,2010-05-28,1877358.86,0,53.11,2.908,126.1602258,8.107,22.51,0.4
13,2010-06-04,2022705.22,0,59.85,2.871,126.1360645,8.107,22.53,-1.2
13,2010-06-11,2037880.96,0,65.24,2.841,126.1119032,8.107,22.53,-1.2
13,2010-06-18,2003435.31,0,58.41,2.819,126.114,8.107,22.53,-1.2
13,2010-06-25,1970340.25,0,71.83,2.82,126.1266,8.107,22.53,-1.2
13,2010-07-02,2018314.71,0,78.82,2.814,126.1392,7.951,22.59,-0.5
13,2010-07-09,1870843.9,0,71.33,2.802,126.1518,7.951,22.59,-0.5
13,2010-07-16,1932231.05,0,77.79,2.791,126.1498065,7.951,22.59,-0.5
13,2010-07-23,1907351.2,0,82.27,2.797,126.1283548,7.951,22.59,-0.5
13,2010-07-30,1817887.23,0,78.94,2.797,126.1069032,7.951,22.59,-0.5
13,2010-08-06,1969121.45,0,81.24,2.802,126.0854516,7.951,22.62,0.4
13,2010-08-13,1877592.55,0,74.93,2.837,126.064,7.951,22.62,0.4
13,2010-08-20,1997397.63,0,76.34,2.85,126.0766452,7.951,22.62,0.4
13,2010-08-27,1908278.27,0,75.31,2.854,126.0892903,7.951,22.62,0.4
13,2010-09-03,1911852.58,0,65.71,2.868,126.1019355,7.951,22.67,0.4
13,2010-09-10,1772143.94,1,65.74,2.87,126.1145806,7.951,22.67,0.4
13,2010-09-17,1790279.74,0,66.84,2.875,126.1454667,7.951,22.67,0.4
13,2010-09-24,1705655.09,0,68.22,2.872,126.1900333,7.951,22.67,0.4
13,2010-10-01,1765584.48,0,68.74,2.853,126.2346,7.795,22.73,0.6
13,2010-10-08,1871924.07,0,63.03,2.841,126.2791667,7.795,22.73,0.6
13,2010-10-15,1851431.06,0,54.12,2.845,126.3266774,7.795,22.73,0.6
13,2010-10-22,1796949.59,0,56.89,2.849,126.3815484,7.795,22.73,0.6
13,2010-10-29,1887895.07,0,45.12,2.841,126.4364194,7.795,22.73,0.6
13,2010-11-05,1854967.66,0,49.96,2.831,126.4912903,7.795,22.73,1.2
13,2010-11-12,1939964.63,0,42.55,2.831,126.5461613,7.795,22.73,1.2
13,2010-11-19,1925393.91,0,42.0,2.842,126.6072,7.795,22.73,1.2
13,2010-11-26,2766400.05,1,28.22,2.83,126.6692667,7.795,22.73,1.2
13,2010-12-03,2083379.89,0,25.8,2.812,126.7313333,7.795,22.76,0.8
13,2010-12-10,2461468.35,0,36.78,2.817,126.7934,7.795,22.76,0.8
13,2010-12-17,2771646.81,0,35.21,2.842,126.8794839,7.795,22.76,0.8
13,2010-12-24,3595903.2,0,34.9,2.846,126.9835806,7.795,22.76,0.8
13,2010-12-31,1675292.0,1,26.79,2.868,127.0876774,7.795,22.76,0.8
13,2011-01-07,1744544.39,0,16.94,2.891,127.1917742,7.47,22.87,0.6
13,2011-01-14,1682316.31,0,20.6,2.903,127.3009355,7.47,22.87,0.6
13,2011-01-21,1770177.37,0,34.8,2.934,127.4404839,7.47,22.87,0.6
13,2011-01-28,1633663.12,0,31.64,2.96,127.5800323,7.47,22.87,0.6
13,2011-02-04,1848186.58,0,23.35,2.974,127.7195806,7.47,22.87,0.3
13,2011-02-11,1944438.9,1,30.83,3.034,127.859129,7.47,22.87,0.3
13,2011-02-18,2003480.59,0,40.85,3.062,127.99525,7.47,22.87,0.3
13,2011-02-25,1831933.95,0,33.17,3.12,128.13,7.47,22.87,0.3
13,2011-03-04,1894960.68,0,34.23,3.23,128.26475,7.47,22.87,1.0
13,2011-03-11,1852432.58,0,41.28,3.346,128.3995,7.47,22.87,1.0
13,2011-03-18,1852443.78,0,44.69,3.407,128.5121935,7.47,22.87,1.0
13,2011-03-25,1807545.43,0,42.38,3.435,128.6160645,7.47,22.87,1.0
13,2011-04-01,1864238.64,0,42.49,3.487,128.7199355,7.193,22.91,0.4
13,2011-04-08,1887465.04,0,42.75,3.547,128.8238065,7.193,22.91,0.4
13,2011-04-15,1950994.04,0,41.72,3.616,128.9107333,7.193,22.91,0.4
13,2011-04-22,2124316.34,0,47.55,3.655,128.9553,7.193,22.91,0.4
13,2011-04-29,1895583.12,0,43.85,3.683,128.9998667,7.193,22.91,0.4
13,2011-05-06,1986380.4,0,47.75,3.744,129.0444333,7.193,22.97,0.5
13,2011-05-13,1958823.56,0,52.4,3.77,129.089,7.193,22.97,0.5
13,2011-05-20,1860923.55,0,52.12,3.802,129.0756774,7.193,22.97,0.5
13,2011-05-27,1866369.93,0,54.62,3.778,129.0623548,7.193,22.97,0.5
13,2011-06-03,1935593.87,0,52.76,3.752,129.0490323,7.193,23.0,-0.2
13,2011-06-10,1997816.98,0,61.39,3.732,129.0357097,7.193,23.0,-0.2
13,2011-06-17,2086433.49,0,63.35,3.704,129.0432,7.193,23.0,-0.2
13,2011-06-24,2009163.08,0,66.38,3.668,129.0663,7.193,23.0,-0.2
13,2011-07-01,2048035.74,0,74.29,3.613,129.0894,6.877,23.11,0.1
13,2011-07-08,2021699.38,0,77.3,3.563,129.1125,6.877,23.11,0.1
13,2011-07-15,1956813.31,0,75.59,3.553,129.1338387,6.877,23.11,0.1
13,2011-07-22,1987089.36,0,78.5,3.563,129.1507742,6.877,23.11,0.1
13,2011-07-29,1880785.69,0,77.62,3.574,129.1677097,6.877,23.11,0.1
13,2011-08-05,2076231.8,0,75.56,3.595,129.1846452,6.877,23.06,0.5
13,2011-08-12,1970341.38,0,75.95,3.606,129.2015806,6.877,23.06,0.5
13,2011-08-19,2090340.98,0,76.68,3.578,129.2405806,6.877,23.06,0.5
13,2011-08-26,2035244.54,0,81.53,3.57,129.2832581,6.877,23.06,0.5
13,2011-09-02,1953628.82,0,77.0,3.58,129.3259355,6.877,23.11,0.0
13,2011-09-09,1872921.31,1,70.19,3.619,129.3686129,6.877,23.11,0.0
13,2011-09-16,1923223.82,0,67.54,3.641,129.4306,6.877,23.11,0.0
13,2011-09-23,1847430.96,0,63.6,3.648,129.5183333,6.877,23.11,0.0
13,2011-09-30,1835662.69,0,68.28,3.623,129.6060667,6.877,23.11,0.0
13,2011-10-07,2067232.56,0,60.62,3.592,129.6938,6.392,23.18,1.1
13,2011-10-14,1929659.07,0,51.74,3.567,129.7706452,6.392,23.18,1.1
13,2011-10-21,1973544.27,0,54.66,3.579,129.7821613,6.392,23.18,1.1
13,2011-10-28,1948733.81,0,47.41,3.567,129.7936774,6.392,23.18,1.1
13,2011-11-04,2036317.54,0,43.51,3.538,129.8051935,6.392,23.19,0.5
13,2011-11-11,2111592.09,0,33.8,3.513,129.8167097,6.392,23.19,0.5
13,2011-11-18,2016323.51,0,40.65,3.489,129.8268333,6.392,23.19,0.5
13,2011-11-25,2864170.61,1,38.89,3.445,129.8364,6.392,23.19,0.5
13,2011-12-02,2051315.66,0,33.94,3.389,129.8459667,6.392,23.22,0.2
13,2011-12-09,2462779.06,0,24.82,3.341,129.8555333,6.392,23.22,0.2
13,2011-12-16,2760346.71,0,27.85,3.282,129.8980645,6.392,23.22,0.2
13,2011-12-23,3556766.03,0,24.76,3.186,129.9845484,6.392,23.22,0.2
13,2011-12-30,1969056.91,1,31.53,3.119,130.0710323,6.392,23.22,0.2
13,2012-01-06,1865752.78,0,33.8,3.08,130.1575161,6.104,23.26,0.1
13,2012-01-13,1794962.64,0,25.61,3.056,130.244,6.104,23.26,0.1
13,2012-01-20,1811606.21,0,32.71,3.047,130.2792258,6.104,23.26,0.1
13,2012-01-27,1733983.09,0,34.32,3.058,130.3144516,6.104,23.26,0.1
13,2012-02-03,1927780.74,0,31.39,3.077,130.3496774,6.104,23.28,0.4
13,2012-02-10,2069284.57,1,33.73,3.116,130.3849032,6.104,23.28,0.4
13,2012-02-17,2214477.06,0,36.57,3.119,130.4546207,6.104,23.28,0.4
13,2012-02-24,1929768.03,0,35.38,3.145,130.5502069,6.104,23.28,0.4
13,2012-03-02,1969742.76,0,32.36,3.242,130.6457931,6.104,23.36,1.1
13,2012-03-09,1986445.65,0,38.24,3.38,130.7413793,6.104,23.36,1.1
13,2012-03-16,2025582.62,0,52.5,3.529,130.8261935,6.104,23.36,1.1
13,2012-03-23,1904421.74,0,47.83,3.671,130.8966452,6.104,23.36,1.1
13,2012-03-30,1948982.7,0,53.2,3.734,130.9670968,6.104,23.36,1.1
13,2012-04-06,2271614.76,0,48.85,3.793,131.0375484,5.965,23.39,0.8
13,2012-04-13,2057637.86,0,51.7,3.833,131.108,5.965,23.39,0.8
13,2012-04-20,1955689.12,0,50.24,3.845,131.1173333,5.965,23.39,0.8
13,2012-04-27,1970121.65,0,64.8,3.842,131.1266667,5.965,23.39,0.8
13,2012-05-04,1995994.51,0,54.41,3.831,131.136,5.965,23.41,0.1
13,2012-05-11,2080764.17,0,56.47,3.809,131.1453333,5.965,23.41,0.1
13,2012-05-18,2131900.55,0,65.17,3.808,131.0983226,5.965,23.41,0.1
13,2012-05-25,2043349.41,0,62.39,3.801,131.0287742,5.965,23.41,0.1
13,2012-06-01,2035431.39,0,61.11,3.788,130.9592258,5.965,23.46,-0.2
13,2012-06-08,2182437.9,0,68.4,3.776,130.8896774,5.965,23.46,-0.2
13,2012-06-15,2152229.11,0,65.97,3.756,130.8295333,5.965,23.46,-0.2
13,2012-06-22,2094373.0,0,72.89,3.737,130.7929,5.965,23.46,-0.2
13,2012-06-29,2037663.71,0,82.0,3.681,130.7562667,5.965,23.46,-0.2
13,2012-07-06,2184980.35,0,79.23,3.63,130.7196333,5.765,23.49,-0.5
13,2012-07-13,2002750.99,0,83.68,3.595,130.683,5.765,23.49,-0.5
13,2012-07-20,2053089.32,0,75.69,3.556,130.7012903,5.765,23.49,-0.5
13,2012-07-27,1914430.53,0,80.42,3.537,130.7195806,5.765,23.49,-0.5
13,2012-08-03,2044148.23,0,81.99,3.512,130.737871,5.765,23.48,0.8
13,2012-08-10,2041019.92,0,81.69,3.509,130.7561613,5.765,23.48,0.8
13,2012-08-17,2095769.18,0,79.4,3.545,130.7909677,5.765,23.48,0.8
13,2012-08-24,2059458.25,0,77.37,3.582,130.8381613,5.765,23.48,0.8
13,2012-08-31,2073855.42,0,79.18,3.624,130.8853548,5.765,23.48,0.8
13,2012-09-07,2165796.31,1,70.65,3.689,130.9325484,5.765,23.57,0.9
13,2012-09-14,1919917.03,0,68.55,3.749,130.9776667,5.765,23.57,0.9
13,2012-09-21,1938379.66,0,67.96,3.821,131.0103333,5.765,23.57,0.9
13,2012-09-28,1927664.11,0,64.8,3.821,131.043,5.765,23.57,0.9
13,2012-10-05,2041918.74,0,61.79,3.815,131.0756667,5.621,23.5,1.1
13,2012-10-12,1999079.44,0,55.1,3.797,131.1083333,5.621,23.5,1.1
13,2012-10-19,2018010.15,0,52.06,3.781,131.1499677,5.621,23.5,1.1
13,2012-10-26,2035189.66,0,46.97,3.755,131.1930968,5.621,23.5,1.1
18,2010-02-05,1205307.5,0,21.33,2.788,131.5279032,9.202,22.46,0.5
18,2010-02-12,1187880.7,1,26.41,2.771,131.5866129,9.202,22.46,0.5
18,2010-02-19,1150663.42,0,30.91,2.747,131.637,9.202,22.46,0.5
18,2010-02-26,1068157.45,0,35.42,2.753,131.686,9.202,22.46,0.5
18,2010-03-05,1179738.5,0,37.17,2.766,131.735,9.202,22.46,0.3
18,2010-03-12,1138800.32,0,42.39,2.805,131.784,9.202,22.46,0.3
18,2010-03-19,1087507.47,0,45.42,2.834,131.8242903,9.202,22.46,0.3
18,2010-03-26,1092704.09,0,47.55,2.831,131.863129,9.202,22.46,0.3
18,2010-04-02,1254107.84,0,45.63,2.826,131.9019677,9.269,22.49,1.6
18,2010-04-09,1174447.55,0,59.91,2.849,131.9408065,9.269,22.49,1.6
18,2010-04-16,1135577.62,0,50.26,2.885,131.9809,9.269,22.49,1.6
18,2010-04-23,1132433.55,0,50.3,2.895,132.0226667,9.269,22.49,1.6
18,2010-04-30,1060446.16,0,51.12,2.935,132.0644333,9.269,22.49,1.6
18,2010-05-07,1222255.47,0,65.64,2.981,132.1062,9.269,22.51,0.4
18,2010-05-14,1092616.49,0,49.9,2.983,132.152129,9.269,22.51,0.4
18,2010-05-21,1101621.36,0,60.27,2.961,132.2230323,9.269,22.51,0.4
18,2010-05-28,1256282.79,0,69.12,2.906,132.2939355,9.269,22.51,0.4
18,2010-06-04,1271311.76,0,70.28,2.857,132.3648387,9.269,22.53,-1.2
18,2010-06-11,1173521.82,0,64.08,2.83,132.4357419,9.269,22.53,-1.2
18,2010-06-18,1183225.92,0,65.96,2.805,132.4733333,9.269,22.53,-1.2
18,2010-06-25,1220983.17,0,74.04,2.81,132.4976,9.269,22.53,-1.2
18,2010-07-02,1257928.35,0,71.22,2.815,132.5218667,9.342,22.59,-0.5
18,2010-07-09,1171391.41,0,79.75,2.806,132.5461333,9.342,22.59,-0.5
18,2010-07-16,1115514.61,0,76.9,2.796,132.5667742,9.342,22.59,-0.5
18,2010-07-23,1032908.23,0,75.71,2.784,132.5825806,9.342,22.59,-0.5
18,2010-07-30,1078557.62,0,75.79,2.792,132.5983871,9.342,22.59,-0.5
18,2010-08-06,1166117.85,0,73.67,2.792,132.6141935,9.342,22.62,0.4
18,2010-08-13,1084722.78,0,74.19,2.81,132.63,9.342,22.62,0.4
18,2010-08-20,1141860.67,0,71.76,2.796,132.6616129,9.342,22.62,0.4
18,2010-08-27,1214302.76,0,67.05,2.77,132.6932258,9.342,22.62,0.4
18,2010-09-03,1187359.77,0,75.42,2.735,132.7248387,9.342,22.67,0.4
18,2010-09-10,1011201.12,1,67.09,2.717,132.7564516,9.342,22.67,0.4
18,2010-09-17,997998.21,0,60.94,2.716,132.7670667,9.342,22.67,0.4
18,2010-09-24,950862.92,0,64.82,2.718,132.7619333,9.342,22.67,0.4
18,2010-10-01,948977.5,0,67.76,2.717,132.7568,9.331,22.73,0.6
18,2010-10-08,1107432.71,0,54.73,2.776,132.7516667,9.331,22.73,0.6
18,2010-10-15,1029618.1,0,52.02,2.878,132.7633548,9.331,22.73,0.6
18,2010-10-22,1052120.43,0,47.12,2.919,132.8170968,9.331,22.73,0.6
18,2010-10-29,1038576.54,0,55.85,2.938,132.8708387,9.331,22.73,0.6
18,2010-11-05,1089530.94,0,42.05,2.938,132.9245806,9.331,22.73,1.2
18,2010-11-12,1081322.12,0,43.17,2.961,132.9783226,9.331,22.73,1.2
18,2010-11-19,1045722.37,0,45.26,3.03,132.9172,9.331,22.73,1.2
18,2010-11-26,1653759.36,1,40.81,3.07,132.8369333,9.331,22.73,1.2
18,2010-12-03,1211026.13,0,37.09,3.065,132.7566667,9.331,22.76,0.8
18,2010-12-10,1416168.98,0,25.64,3.132,132.6764,9.331,22.76,0.8
18,2010-12-17,1588430.71,0,27.4,3.139,132.6804516,9.331,22.76,0.8
18,2010-12-24,2027507.15,0,28.16,3.15,132.7477419,9.331,22.76,0.8
18,2010-12-31,887907.01,1,26.1,3.177,132.8150323,9.331,22.76,0.8
18,2011-01-07,933960.3,0,30.1,3.193,132.8823226,9.131,22.87,0.6
18,2011-01-14,777175.28,0,22.69,3.215,132.9510645,9.131,22.87,0.6
18,2011-01-21,891148.55,0,22.55,3.232,133.0285161,9.131,22.87,0.6
18,2011-01-28,849540.85,0,14.84,3.243,133.1059677,9.131,22.87,0.6
18,2011-02-04,1055841.24,0,20.79,3.24,133.1834194,9.131,22.87,0.3
18,2011-02-11,1122053.58,1,24.3,3.255,133.260871,9.131,22.87,0.3
18,2011-02-18,1095058.57,0,31.59,3.263,133.3701429,9.131,22.87,0.3
18,2011-02-25,1005983.31,0,26.15,3.281,133.4921429,9.131,22.87,0.3
18,2011-03-04,1063310.62,0,28.49,3.437,133.6141429,9.131,22.87,1.0
18,2011-03-11,1002714.25,0,38.4,3.6,133.7361429,9.131,22.87,1.0
18,2011-03-18,945889.59,0,41.12,3.634,133.8492258,9.131,22.87,1.0
18,2011-03-25,944523.3,0,36.65,3.624,133.9587419,9.131,22.87,1.0
18,2011-04-01,938083.17,0,35.06,3.638,134.0682581,8.975,22.91,0.4
18,2011-04-08,1018541.3,0,43.32,3.72,134.1777742,8.975,22.91,0.4
18,2011-04-15,988157.72,0,49.91,3.823,134.2784667,8.975,22.91,0.4
18,2011-04-22,1105860.06,0,45.99,3.919,134.3571,8.975,22.91,0.4
18,2011-04-29,974114.39,0,58.82,3.988,134.4357333,8.975,22.91,0.4
18,2011-05-06,1065427.37,0,54.17,4.078,134.5143667,8.975,22.97,0.5
18,2011-05-13,993172.98,0,58.48,4.095,134.593,8.975,22.97,0.5
18,2011-05-20,994610.43,0,57.55,4.101,134.6803871,8.975,22.97,0.5
18,2011-05-27,1065214.14,0,64.6,4.034,134.7677742,8.975,22.97,0.5
18,2011-06-03,1178039.0,0,70.9,3.973,134.8551613,8.975,23.0,-0.2
18,2011-06-10,1044079.2,0,69.49,3.924,134.9425484,8.975,23.0,-0.2
18,2011-06-17,1045859.39,0,63.23,3.873,135.0837333,8.975,23.0,-0.2
18,2011-06-24,1056478.65,0,67.41,3.851,135.2652667,8.975,23.0,-0.2
18,2011-07-01,1087051.26,0,69.75,3.815,135.4468,8.89,23.11,0.1
18,2011-07-08,1048802.62,0,73.12,3.784,135.6283333,8.89,23.11,0.1
18,2011-07-15,974916.13,0,74.36,3.827,135.7837419,8.89,23.11,0.1
18,2011-07-22,991262.46,0,78.68,3.882,135.8738387,8.89,23.11,0.1
18,2011-07-29,954148.64,0,73.85,3.898,135.9639355,8.89,23.11,0.1
18,2011-08-05,1002806.39,0,74.58,3.903,136.0540323,8.89,23.06,0.5
18,2011-08-12,928470.83,0,73.57,3.88,136.144129,8.89,23.06,0.5
18,2011-08-19,932679.79,0,69.24,3.82,136.183129,8.89,23.06,0.5
18,2011-08-26,1147906.46,0,70.32,3.796,136.2136129,8.89,23.06,0.5
18,2011-09-02,540922.94,0,68.23,3.784,136.2440968,8.89,23.11,0.0
18,2011-09-09,951549.61,1,68.11,3.809,136.2745806,8.89,23.11,0.0
18,2011-09-16,845715.37,0,66.23,3.809,136.3145,8.89,23.11,0.0
18,2011-09-23,853073.17,0,60.44,3.758,136.367,8.89,23.11,0.0
18,2011-09-30,847348.08,0,69.01,3.684,136.4195,8.89,23.11,0.0
18,2011-10-07,1019741.1,0,54.65,3.633,136.472,8.471,23.18,1.1
18,2011-10-14,953533.95,0,60.26,3.583,136.5150968,8.471,23.18,1.1
18,2011-10-21,1048212.62,0,55.83,3.618,136.5017742,8.471,23.18,1.1
18,2011-10-28,1106642.63,0,45.61,3.604,136.4884516,8.471,23.18,1.1
18,2011-11-04,1100625.06,0,38.29,3.586,136.475129,8.471,23.19,0.5
18,2011-11-11,1079931.63,0,45.69,3.57,136.4618065,8.471,23.19,0.5
18,2011-11-18,1056992.18,0,47.88,3.571,136.4666667,8.471,23.19,0.5
18,2011-11-25,1624170.99,1,41.97,3.536,136.4788,8.471,23.19,0.5
18,2011-12-02,1188047.61,0,46.25,3.501,136.4909333,8.471,23.22,0.2
18,2011-12-09,1368471.23,0,42.36,3.47,136.5030667,8.471,23.22,0.2
18,2011-12-16,1516924.23,0,35.52,3.445,136.5335161,8.471,23.22,0.2
18,2011-12-23,1882393.4,0,35.78,3.413,136.5883871,8.471,23.22,0.2
18,2011-12-30,1010562.49,1,32.36,3.402,136.6432581,8.471,23.22,0.2
18,2012-01-06,977286.07,0,31.27,3.439,136.698129,8.075,23.26,0.1
18,2012-01-13,890130.25,0,35.25,3.523,136.753,8.075,23.26,0.1
18,2012-01-20,937522.77,0,24.2,3.542,136.8564194,8.075,23.26,0.1
18,2012-01-27,825584.22,0,30.44,3.568,136.9598387,8.075,23.26,0.1
18,2012-02-03,1049772.04,0,37.62,3.633,137.0632581,8.075,23.28,0.4
18,2012-02-10,1161615.51,1,32.83,3.655,137.1666774,8.075,23.28,0.4
18,2012-02-17,1115985.81,0,32.87,3.703,137.2583103,8.075,23.28,0.4
18,2012-02-24,1037861.11,0,36.34,3.751,137.3411034,8.075,23.28,0.4
18,2012-03-02,1047178.91,0,33.59,3.827,137.4238966,8.075,23.36,1.1
18,2012-03-09,1084894.47,0,38.1,3.876,137.5066897,8.075,23.36,1.1
18,2012-03-16,1022018.43,0,45.84,3.867,137.5843871,8.075,23.36,1.1
18,2012-03-23,1031139.3,0,58.06,3.889,137.6552903,8.075,23.36,1.1
18,2012-03-30,1009121.2,0,45.35,3.921,137.7261935,8.075,23.36,1.1
18,2012-04-06,1200815.3,0,43.8,3.957,137.7970968,8.304,23.39,0.8
18,2012-04-13,998443.5,0,47.75,4.025,137.868,8.304,23.39,0.8
18,2012-04-20,1025813.8,0,60.88,4.046,137.9230667,8.304,23.39,0.8
18,2012-04-27,961186.23,0,50.43,4.023,137.9781333,8.304,23.39,0.8
18,2012-05-04,1050027.89,0,49.66,3.991,138.0332,8.304,23.41,0.1
18,2012-05-11,1060433.1,0,57.44,3.947,138.0882667,8.304,23.41,0.1
18,2012-05-18,1047444.59,0,62.31,3.899,138.1065806,8.304,23.41,0.1
18,2012-05-25,1088446.58,0,65.48,3.85,138.1101935,8.304,23.41,0.1
18,2012-06-01,1118313.7,0,71.42,3.798,138.1138065,8.304,23.46,-0.2
18,2012-06-08,1110479.94,0,59.1,3.746,138.1174194,8.304,23.46,-0.2
18,2012-06-15,1057425.83,0,66.58,3.683,138.1295333,8.304,23.46,-0.2
18,2012-06-22,1080357.89,0,70.92,3.629,138.1629,8.304,23.46,-0.2
18,2012-06-29,1097006.3,0,70.17,3.577,138.1962667,8.304,23.46,-0.2
18,2012-07-06,1158247.31,0,76.08,3.538,138.2296333,8.535,23.49,-0.5
18,2012-07-13,1024784.92,0,75.09,3.561,138.263,8.535,23.49,-0.5
18,2012-07-20,1033543.56,0,77.43,3.61,138.2331935,8.535,23.49,-0.5
18,2012-07-27,924506.26,0,72.97,3.701,138.2033871,8.535,23.49,-0.5
18,2012-08-03,1052066.58,0,72.67,3.698,138.1735806,8.535,23.48,0.8
18,2012-08-10,967304.07,0,75.7,3.772,138.1437742,8.535,23.48,0.8
18,2012-08-17,1048134.24,0,73.25,3.84,138.1857097,8.535,23.48,0.8
18,2012-08-24,1145840.91,0,68.52,3.874,138.2814516,8.535,23.48,0.8
18,2012-08-31,1117097.23,0,70.09,3.884,138.3771935,8.535,23.48,0.8
18,2012-09-07,1083521.24,1,71.85,3.921,138.4729355,8.535,23.57,0.9
18,2012-09-14,960476.1,0,64.45,3.988,138.5673,8.535,23.57,0.9
18,2012-09-21,971386.65,0,60.23,4.056,138.6534,8.535,23.57,0.9
18,2012-09-28,1002856.2,0,58.24,4.018,138.7395,8.535,23.57,0.9
18,2012-10-05,1092204.79,0,59.68,4.027,138.8256,8.243,23.5,1.1
18,2012-10-12,1074079.0,0,50.97,4.029,138.9117,8.243,23.5,1.1
18,2012-10-19,1048706.75,0,51.96,4.0,138.8336129,8.243,23.5,1.1
18,2012-10-26,1127516.25,0,56.09,3.917,138.7281613,8.243,23.5,1.1
19,2010-02-05,1507637.17,0,20.96,2.954,131.5279032,8.35,22.46,0.5
19,2010-02-12,1536549.95,1,23.22,2.94,131.5866129,8.35,22.46,0.5
19,2010-02-19,1515976.11,0,28.57,2.909,131.637,8.35,22.46,0.5
19,2010-02-26,1373270.06,0,30.33,2.91,131.686,8.35,22.46,0.5
19,2010-03-05,1495844.57,0,32.92,2.919,131.735,8.35,22.46,0.3
19,2010-03-12,1467889.2,0,39.06,2.938,131.784,8.35,22.46,0.3
19,2010-03-19,1332940.35,0,43.74,2.96,131.8242903,8.35,22.46,0.3
19,2010-03-26,1427023.45,0,39.07,2.963,131.863129,8.35,22.46,0.3
19,2010-04-02,1642970.27,0,45.26,2.957,131.9019677,8.185,22.49,1.6
19,2010-04-09,1489613.32,0,55.66,2.992,131.9408065,8.185,22.49,1.6
19,2010-04-16,1460354.67,0,49.67,3.01,131.9809,8.185,22.49,1.6
19,2010-04-23,1456793.33,0,46.87,3.021,132.0226667,8.185,22.49,1.6
19,2010-04-30,1405065.57,0,49.89,3.042,132.0644333,8.185,22.49,1.6
19,2010-05-07,1566219.77,0,62.54,3.095,132.1062,8.185,22.51,0.4
19,2010-05-14,1437319.45,0,46.53,3.112,132.152129,8.185,22.51,0.4
19,2010-05-21,1377716.17,0,57.53,3.096,132.2230323,8.185,22.51,0.4
19,2010-05-28,1648882.62,0,68.85,3.046,132.2939355,8.185,22.51,0.4
19,2010-06-04,1519013.49,0,68.88,3.006,132.3648387,8.185,22.53,-1.2
19,2010-06-11,1410683.94,0,61.64,2.972,132.4357419,8.185,22.53,-1.2
19,2010-06-18,1457314.39,0,66.25,2.942,132.4733333,8.185,22.53,-1.2
19,2010-06-25,1450407.32,0,72.3,2.958,132.4976,8.185,22.53,-1.2
19,2010-07-02,1549018.68,0,66.25,2.958,132.5218667,8.099,22.59,-0.5
19,2010-07-09,1577541.24,0,78.22,2.94,132.5461333,8.099,22.59,-0.5
19,2010-07-16,1412157.02,0,74.6,2.933,132.5667742,8.099,22.59,-0.5
19,2010-07-23,1372043.71,0,74.68,2.924,132.5825806,8.099,22.59,-0.5
19,2010-07-30,1366395.96,0,72.83,2.932,132.5983871,8.099,22.59,-0.5
19,2010-08-06,1492060.89,0,74.2,2.942,132.6141935,8.099,22.62,0.4
19,2010-08-13,1418027.08,0,72.71,2.923,132.63,8.099,22.62,0.4
19,2010-08-20,1419383.19,0,72.22,2.913,132.6616129,8.099,22.62,0.4
19,2010-08-27,1557888.16,0,66.4,2.885,132.6932258,8.099,22.62,0.4
19,2010-09-03,1623519.64,0,74.69,2.86,132.7248387,8.099,22.67,0.4
19,2010-09-10,1591453.39,1,63.36,2.837,132.7564516,8.099,22.67,0.4
19,2010-09-17,1386789.31,0,58.68,2.846,132.7670667,8.099,22.67,0.4
19,2010-09-24,1318343.58,0,63.43,2.837,132.7619333,8.099,22.67,0.4
19,2010-10-01,1379456.3,0,59.91,2.84,132.7568,8.067,22.73,0.6
19,2010-10-08,1428960.72,0,53.74,2.903,132.7516667,8.067,22.73,0.6
19,2010-10-15,1369317.63,0,51.32,2.999,132.7633548,8.067,22.73,0.6
19,2010-10-22,1357154.71,0,48.45,3.049,132.8170968,8.067,22.73,0.6
19,2010-10-29,1404576.48,0,56.11,3.055,132.8708387,8.067,22.73,0.6
19,2010-11-05,1435379.25,0,41.78,3.049,132.9245806,8.067,22.73,1.2
19,2010-11-12,1490235.86,0,40.3,3.065,132.9783226,8.067,22.73,1.2
19,2010-11-19,1377593.1,0,44.22,3.138,132.9172,8.067,22.73,1.2
19,2010-11-26,1993367.83,1,42.62,3.186,132.8369333,8.067,22.73,1.2
19,2010-12-03,1615987.96,0,36.64,3.2,132.7566667,8.067,22.76,0.8
19,2010-12-10,1799070.98,0,25.12,3.255,132.6764,8.067,22.76,0.8
19,2010-12-17,1911967.44,0,26.83,3.301,132.6804516,8.067,22.76,0.8
19,2010-12-24,2678206.42,0,26.05,3.309,132.7477419,8.067,22.76,0.8
19,2010-12-31,1275146.94,1,28.65,3.336,132.8150323,8.067,22.76,0.8
19,2011-01-07,1224175.99,0,31.34,3.351,132.8823226,7.771,22.87,0.6
19,2011-01-14,1181204.53,0,21.68,3.367,132.9510645,7.771,22.87,0.6
19,2011-01-21,1212967.84,0,22.8,3.391,133.0285161,7.771,22.87,0.6
19,2011-01-28,1284185.49,0,20.66,3.402,133.1059677,7.771,22.87,0.6
19,2011-02-04,1370562.11,0,21.02,3.4,133.1834194,7.771,22.87,0.3
19,2011-02-11,1430851.11,1,21.79,3.416,133.260871,7.771,22.87,0.3
19,2011-02-18,1457270.16,0,34.74,3.42,133.3701429,7.771,22.87,0.3
19,2011-02-25,1296658.47,0,23.24,3.452,133.4921429,7.771,22.87,0.3
19,2011-03-04,1433569.44,0,29.28,3.605,133.6141429,7.771,22.87,1.0
19,2011-03-11,1351450.43,0,35.59,3.752,133.7361429,7.771,22.87,1.0
19,2011-03-18,1257972.37,0,40.32,3.796,133.8492258,7.771,22.87,1.0
19,2011-03-25,1266564.94,0,33.26,3.789,133.9587419,7.771,22.87,1.0
19,2011-04-01,1305950.22,0,30.68,3.811,134.0682581,7.658,22.91,0.4
19,2011-04-08,1419911.91,0,41.26,3.895,134.1777742,7.658,22.91,0.4
19,2011-04-15,1392093.04,0,48.67,3.981,134.2784667,7.658,22.91,0.4
19,2011-04-22,1514288.82,0,41.66,4.061,134.3571,7.658,22.91,0.4
19,2011-04-29,1297237.7,0,54.23,4.117,134.4357333,7.658,22.91,0.4
19,2011-05-06,1451953.95,0,50.43,4.192,134.5143667,7.658,22.97,0.5
19,2011-05-13,1429143.06,0,54.2,4.211,134.593,7.658,22.97,0.5
19,2011-05-20,1355234.3,0,52.8,4.202,134.6803871,7.658,22.97,0.5
19,2011-05-27,1388553.11,0,63.2,4.134,134.7677742,7.658,22.97,0.5
19,2011-06-03,1457345.75,0,66.01,4.069,134.8551613,7.658,23.0,-0.2
19,2011-06-10,1467473.63,0,68.26,4.025,134.9425484,7.658,23.0,-0.2
19,2011-06-17,1418973.62,0,64.02,3.989,135.0837333,7.658,23.0,-0.2
19,2011-06-24,1440785.7,0,68.4,3.964,135.2652667,7.658,23.0,-0.2
19,2011-07-01,1462731.93,0,67.64,3.916,135.4468,7.806,23.11,0.1
19,2011-07-08,1465489.75,0,73.2,3.886,135.6283333,7.806,23.11,0.1
19,2011-07-15,1391580.41,0,73.7,3.915,135.7837419,7.806,23.11,0.1
19,2011-07-22,1377119.45,0,79.37,3.972,135.8738387,7.806,23.11,0.1
19,2011-07-29,1298775.8,0,74.86,4.004,135.9639355,7.806,23.11,0.1
19,2011-08-05,1408968.55,0,73.84,4.02,136.0540323,7.806,23.06,0.5
19,2011-08-12,1360969.45,0,70.92,3.995,136.144129,7.806,23.06,0.5
19,2011-08-19,1391792.69,0,71.14,3.942,136.183129,7.806,23.06,0.5
19,2011-08-26,1547729.24,0,69.34,3.906,136.2136129,7.806,23.06,0.5
19,2011-09-02,1609951.02,0,69.27,3.879,136.2440968,7.806,23.11,0.0
19,2011-09-09,1566712.79,1,68.28,3.93,136.2745806,7.806,23.11,0.0
19,2011-09-16,1365633.53,0,62.76,3.937,136.3145,7.806,23.11,0.0
19,2011-09-23,1300375.76,0,61.32,3.899,136.367,7.806,23.11,0.0
19,2011-09-30,1330757.22,0,64.99,3.858,136.4195,7.806,23.11,0.0
19,2011-10-07,1461718.87,0,53.1,3.775,136.472,7.866,23.18,1.1
19,2011-10-14,1318905.53,0,61.86,3.744,136.5150968,7.866,23.18,1.1
19,2011-10-21,1374863.1,0,52.05,3.757,136.5017742,7.866,23.18,1.1
19,2011-10-28,1396612.36,0,46.49,3.757,136.4884516,7.866,23.18,1.1
19,2011-11-04,1480289.64,0,44.97,3.738,136.475129,7.866,23.19,0.5
19,2011-11-11,1502078.93,0,48.22,3.719,136.4618065,7.866,23.19,0.5
19,2011-11-18,1411835.57,0,48.21,3.717,136.4666667,7.866,23.19,0.5
19,2011-11-25,1974646.78,1,42.75,3.689,136.4788,7.866,23.19,0.5
19,2011-12-02,1484708.38,0,45.67,3.666,136.4909333,7.866,23.22,0.2
19,2011-12-09,1713769.06,0,40.18,3.627,136.5030667,7.866,23.22,0.2
19,2011-12-16,1852179.15,0,37.07,3.611,136.5335161,7.866,23.22,0.2
19,2011-12-23,2480159.47,0,36.09,3.587,136.5883871,7.866,23.22,0.2
19,2011-12-30,1405168.06,1,31.65,3.566,136.6432581,7.866,23.22,0.2
19,2012-01-06,1266570.4,0,31.84,3.585,136.698129,7.943,23.26,0.1
19,2012-01-13,1182198.7,0,37.08,3.666,136.753,7.943,23.26,0.1
19,2012-01-20,1237104.73,0,23.44,3.705,136.8564194,7.943,23.26,0.1
19,2012-01-27,1279623.26,0,32.41,3.737,136.9598387,7.943,23.26,0.1
19,2012-02-03,1345311.65,0,36.22,3.796,137.0632581,7.943,23.28,0.4
19,2012-02-10,1499496.67,1,32.61,3.826,137.1666774,7.943,23.28,0.4
19,2012-02-17,1424720.27,0,30.95,3.874,137.2583103,7.943,23.28,0.4
19,2012-02-24,1352470.09,0,33.91,3.917,137.3411034,7.943,23.28,0.4
19,2012-03-02,1308977.05,0,34.83,3.983,137.4238966,7.943,23.36,1.1
19,2012-03-09,1358816.46,0,38.15,4.021,137.5066897,7.943,23.36,1.1
19,2012-03-16,1312849.1,0,48.2,4.021,137.5843871,7.943,23.36,1.1
19,2012-03-23,1342254.55,0,56.72,4.054,137.6552903,7.943,23.36,1.1
19,2012-03-30,1327139.35,0,43.47,4.098,137.7261935,7.943,23.36,1.1
19,2012-04-06,1631737.68,0,40.23,4.143,137.7970968,8.15,23.39,0.8
19,2012-04-13,1365098.46,0,44.42,4.187,137.868,8.15,23.39,0.8
19,2012-04-20,1255087.26,0,55.2,4.17,137.9230667,8.15,23.39,0.8
19,2012-04-27,1285897.24,0,42.45,4.163,137.9781333,8.15,23.39,0.8
19,2012-05-04,1405007.44,0,50.76,4.124,138.0332,8.15,23.41,0.1
19,2012-05-11,1442873.22,0,55.33,4.055,138.0882667,8.15,23.41,0.1
19,2012-05-18,1366937.1,0,58.81,4.029,138.1065806,8.15,23.41,0.1
19,2012-05-25,1485540.28,0,67.79,3.979,138.1101935,8.15,23.41,0.1
19,2012-06-01,1450733.29,0,68.18,3.915,138.1138065,8.15,23.46,-0.2
19,2012-06-08,1390122.11,0,60.19,3.871,138.1174194,8.15,23.46,-0.2
19,2012-06-15,1440263.15,0,68.19,3.786,138.1295333,8.15,23.46,-0.2
19,2012-06-22,1468350.36,0,75.83,3.722,138.1629,8.15,23.46,-0.2
19,2012-06-29,1379652.65,0,69.92,3.667,138.1962667,8.15,23.46,-0.2
19,2012-07-06,1557120.44,0,76.07,3.646,138.2296333,8.193,23.49,-0.5
19,2012-07-13,1321741.35,0,73.17,3.689,138.263,8.193,23.49,-0.5
19,2012-07-20,1317672.92,0,76.17,3.732,138.2331935,8.193,23.49,-0.5
19,2012-07-27,1248915.43,0,74.43,3.82,138.2033871,8.193,23.49,-0.5
19,2012-08-03,1342123.78,0,73.41,3.819,138.1735806,8.193,23.48,0.8
19,2012-08-10,1408907.89,0,74.45,3.863,138.1437742,8.193,23.48,0.8
19,2012-08-17,1375101.26,0,69.83,3.963,138.1857097,8.193,23.48,0.8
19,2012-08-24,1544653.37,0,66.66,3.997,138.2814516,8.193,23.48,0.8
19,2012-08-31,1542719.87,0,71.85,4.026,138.3771935,8.193,23.48,0.8
19,2012-09-07,1497073.82,1,72.2,4.076,138.4729355,8.193,23.57,0.9
19,2012-09-14,1370653.41,0,65.08,4.088,138.5673,8.193,23.57,0.9
19,2012-09-21,1338572.29,0,60.62,4.203,138.6534,8.193,23.57,0.9
19,2012-09-28,1338299.02,0,56.81,4.158,138.7395,8.193,23.57,0.9
19,2012-10-05,1408016.1,0,59.86,4.151,138.8256,7.992,23.5,1.1
19,2012-10-12,1352809.5,0,48.29,4.186,138.9117,7.992,23.5,1.1
19,2012-10-19,1321102.35,0,53.44,4.153,138.8336129,7.992,23.5,1.1
19,2012-10-26,1322117.96,0,56.49,4.071,138.7281613,7.992,23.5,1.1
20,2010-02-05,2401395.47,0,25.92,2.784,204.2471935,8.187,22.46,0.5
20,2010-02-12,2109107.9,1,22.12,2.773,204.3857472,8.187,22.46,0.5
20,2010-02-19,2161549.76,0,25.43,2.745,204.4321004,8.187,22.46,0.5
20,2010-02-26,1898193.95,0,32.32,2.754,204.4630869,8.187,22.46,0.5
20,2010-03-05,2119213.72,0,31.75,2.777,204.4940734,8.187,22.46,0.3
20,2010-03-12,2010974.84,0,43.82,2.818,204.5250598,8.187,22.46,0.3
20,2010-03-19,1951848.43,0,47.32,2.844,204.3782258,8.187,22.46,0.3
20,2010-03-26,1894742.95,0,50.49,2.854,204.201755,8.187,22.46,0.3
20,2010-04-02,2405395.22,0,51.0,2.85,204.0252842,7.856,22.49,1.6
20,2010-04-09,2007796.26,0,65.1,2.869,203.8488134,7.856,22.49,1.6
20,2010-04-16,1985784.59,0,55.43,2.899,203.7307486,7.856,22.49,1.6
20,2010-04-23,1878862.42,0,50.65,2.902,203.6905586,7.856,22.49,1.6
20,2010-04-30,1919053.21,0,54.75,2.921,203.6503685,7.856,22.49,1.6
20,2010-05-07,2137202.38,0,66.74,2.966,203.6101784,7.856,22.51,0.4
20,2010-05-14,2033211.62,0,55.91,2.982,203.6133915,7.856,22.51,0.4
20,2010-05-21,1893736.9,0,60.38,2.958,203.8770235,7.856,22.51,0.4
20,2010-05-28,2065984.95,0,70.97,2.899,204.1406556,7.856,22.51,0.4
20,2010-06-04,2203619.35,0,72.52,2.847,204.4042877,7.856,22.53,-1.2
20,2010-06-11,2100489.79,0,67.32,2.809,204.6679198,7.856,22.53,-1.2
20,2010-06-18,2091903.63,0,72.62,2.78,204.670036,7.856,22.53,-1.2
20,2010-06-25,1973135.87,0,75.17,2.808,204.5675459,7.856,22.53,-1.2
20,2010-07-02,2143676.77,0,70.1,2.815,204.4650559,7.527,22.59,-0.5
20,2010-07-09,2107285.85,0,78.09,2.793,204.3625658,7.527,22.59,-0.5
20,2010-07-16,2031852.16,0,75.14,2.783,204.3571656,7.527,22.59,-0.5
20,2010-07-23,1900535.9,0,77.75,2.771,204.4812188,7.527,22.59,-0.5
20,2010-07-30,1955896.59,0,76.03,2.781,204.605272,7.527,22.59,-0.5
20,2010-08-06,1910177.38,0,74.57,2.784,204.7293252,7.527,22.62,0.4
20,2010-08-13,2071022.45,0,75.98,2.805,204.8533784,7.527,22.62,0.4
20,2010-08-20,1975374.56,0,75.34,2.779,204.8217044,7.527,22.62,0.4
20,2010-08-27,1946369.57,0,70.51,2.755,204.7900305,7.527,22.62,0.4
20,2010-09-03,2121561.41,0,75.5,2.715,204.7583566,7.527,22.67,0.4
20,2010-09-10,2014954.79,1,65.02,2.699,204.7266827,7.527,22.67,0.4
20,2010-09-17,1948359.78,0,65.28,2.706,204.7513279,7.527,22.67,0.4
20,2010-09-24,1789687.65,0,69.37,2.713,204.8182126,7.527,22.67,0.4
20,2010-10-01,1933719.21,0,61.08,2.707,204.8850973,7.484,22.73,0.6
20,2010-10-08,2060389.27,0,51.5,2.764,204.951982,7.484,22.73,0.6
20,2010-10-15,1950676.39,0,59.17,2.868,205.0137637,7.484,22.73,0.6
20,2010-10-22,1893955.27,0,50.52,2.917,205.0627881,7.484,22.73,0.6
20,2010-10-29,1891816.0,0,57.56,2.921,205.1118126,7.484,22.73,0.6
20,2010-11-05,2184316.64,0,42.78,2.917,205.160837,7.484,22.73,1.2
20,2010-11-12,2187765.28,0,42.38,2.931,205.2098614,7.484,22.73,1.2
20,2010-11-19,2105058.91,0,45.88,3.0,205.0992811,7.484,22.73,1.2
20,2010-11-26,2811634.04,1,46.66,3.039,204.9621,7.484,22.73,1.2
20,2010-12-03,2416051.17,0,35.47,3.046,204.8249189,7.484,22.76,0.8
20,2010-12-10,2752122.08,0,24.27,3.109,204.6877378,7.484,22.76,0.8
20,2010-12-17,2819193.17,0,24.07,3.14,204.6321194,7.484,22.76,0.8
20,2010-12-24,3766687.43,0,25.17,3.141,204.6376731,7.484,22.76,0.8
20,2010-12-31,1799737.79,1,28.85,3.179,204.6432267,7.484,22.76,0.8
20,2011-01-07,1843030.95,0,31.43,3.193,204.6487803,7.343,22.87,0.6
20,2011-01-14,1884345.01,0,20.39,3.205,204.7026042,7.343,22.87,0.6
20,2011-01-21,1781805.66,0,27.43,3.229,205.0460497,7.343,22.87,0.6
20,2011-01-28,1761506.68,0,23.21,3.237,205.3894952,7.343,22.87,0.6
20,2011-02-04,2351143.07,0,28.58,3.231,205.7329407,7.343,22.87,0.3
20,2011-02-11,2211388.14,1,25.38,3.239,206.0763862,7.343,22.87,0.3
20,2011-02-18,2258616.24,0,42.95,3.245,206.3694701,7.343,22.87,0.3
20,2011-02-25,1938608.52,0,33.2,3.274,206.6424093,7.343,22.87,0.3
20,2011-03-04,2143424.61,0,37.33,3.433,206.9153485,7.343,22.87,1.0
20,2011-03-11,1990932.77,0,39.53,3.582,207.1882876,7.343,22.87,1.0
20,2011-03-18,1931668.64,0,44.8,3.631,207.4283845,7.343,22.87,1.0
20,2011-03-25,1824711.21,0,44.83,3.625,207.6553444,7.343,22.87,1.0
20,2011-04-01,1927993.09,0,32.43,3.638,207.8823043,7.287,22.91,0.4
20,2011-04-08,2027056.39,0,47.09,3.72,208.1092642,7.287,22.91,0.4
20,2011-04-15,2057406.33,0,55.0,3.821,208.3172811,7.287,22.91,0.4
20,2011-04-22,2313861.81,0,52.56,3.892,208.4779405,7.287,22.91,0.4
20,2011-04-29,1881788.19,0,62.97,3.962,208.6386,7.287,22.91,0.4
20,2011-05-06,2090838.44,0,53.41,4.046,208.7992595,7.287,22.97,0.5
20,2011-05-13,2036748.53,0,62.26,4.066,208.9599189,7.287,22.97,0.5
20,2011-05-20,1953416.06,0,59.01,4.062,208.7583165,7.287,22.97,0.5
20,2011-05-27,1944433.17,0,69.12,3.985,208.556714,7.287,22.97,0.5
20,2011-06-03,2182246.69,0,73.51,3.922,208.3551116,7.287,23.0,-0.2
20,2011-06-10,2135062.04,0,73.64,3.881,208.1535092,7.287,23.0,-0.2
20,2011-06-17,2065191.27,0,66.41,3.842,208.1265604,7.287,23.0,-0.2
20,2011-06-24,1950826.32,0,72.4,3.804,208.2306018,7.287,23.0,-0.2
20,2011-07-01,2053165.41,0,69.66,3.748,208.3346432,7.274,23.11,0.1
20,2011-07-08,2123787.79,0,74.69,3.711,208.4386847,7.274,23.11,0.1
20,2011-07-15,2039875.75,0,74.88,3.76,208.5309337,7.274,23.11,0.1
20,2011-07-22,1950904.84,0,78.89,3.811,208.5937018,7.274,23.11,0.1
20,2011-07-29,1858440.92,0,77.47,3.829,208.6564699,7.274,23.11,0.1
20,2011-08-05,2189353.63,0,77.8,3.842,208.719238,7.274,23.06,0.5
20,2011-08-12,2052246.4,0,73.52,3.812,208.7820061,7.274,23.06,0.5
20,2011-08-19,1990017.93,0,71.25,3.747,208.8424359,7.274,23.06,0.5
20,2011-08-26,1933577.2,0,70.15,3.704,208.902476,7.274,23.06,0.5
20,2011-09-02,2141765.98,0,70.82,3.703,208.9625161,7.274,23.11,0.0
20,2011-09-09,2050542.56,1,68.74,3.738,209.0225562,7.274,23.11,0.0
20,2011-09-16,1979009.46,0,64.02,3.742,209.1893892,7.274,23.11,0.0
20,2011-09-23,1888119.7,0,62.15,3.711,209.4986126,7.274,23.11,0.0
20,2011-09-30,1945808.26,0,63.44,3.645,209.807836,7.274,23.11,0.0
20,2011-10-07,2135982.79,0,52.42,3.583,210.1170595,7.082,23.18,1.1
20,2011-10-14,2010107.68,0,62.54,3.541,210.4027602,7.082,23.18,1.1
20,2011-10-21,2104241.9,0,53.69,3.57,210.5473252,7.082,23.18,1.1
20,2011-10-28,2065421.52,0,49.36,3.569,210.6918901,7.082,23.18,1.1
20,2011-11-04,2284106.6,0,43.88,3.551,210.8364551,7.082,23.19,0.5
20,2011-11-11,2269975.85,0,47.27,3.53,210.9810201,7.082,23.19,0.5
20,2011-11-18,2169933.82,0,49.3,3.53,211.1847207,7.082,23.19,0.5
20,2011-11-25,2906233.25,1,46.38,3.492,211.4120757,7.082,23.19,0.5
20,2011-12-02,2298776.83,0,46.32,3.452,211.6394306,7.082,23.22,0.2
20,2011-12-09,2546123.78,0,41.64,3.415,211.8667856,7.082,23.22,0.2
20,2011-12-16,2762816.65,0,37.16,3.413,212.0685039,7.082,23.22,0.2
20,2011-12-23,3555371.03,0,40.19,3.389,212.2360401,7.082,23.22,0.2
20,2011-12-30,2043245.0,1,36.35,3.389,212.4035763,7.082,23.22,0.2
20,2012-01-06,1964701.94,0,33.42,3.422,212.5711125,6.961,23.26,0.1
20,2012-01-13,1911510.64,0,37.79,3.513,212.7386486,6.961,23.26,0.1
20,2012-01-20,1892775.94,0,27.65,3.533,212.8336399,6.961,23.26,0.1
20,2012-01-27,1761016.51,0,37.19,3.567,212.9286312,6.961,23.26,0.1
20,2012-02-03,2203523.2,0,39.93,3.617,213.0236225,6.961,23.28,0.4
20,2012-02-10,2462978.28,1,33.47,3.64,213.1186138,6.961,23.28,0.4
20,2012-02-17,2309025.16,0,31.11,3.695,213.2732106,6.961,23.28,0.4
20,2012-02-24,2045837.55,0,39.79,3.739,213.4725116,6.961,23.28,0.4
20,2012-03-02,2148822.76,0,39.98,3.816,213.6718127,6.961,23.36,1.1
20,2012-03-09,2139265.4,0,41.14,3.848,213.8711137,6.961,23.36,1.1
20,2012-03-16,2064991.71,0,53.73,3.862,214.0167132,6.961,23.36,1.1
20,2012-03-23,1992436.96,0,66.11,3.9,214.0907105,6.961,23.36,1.1
20,2012-03-30,2074721.74,0,51.52,3.953,214.1647079,6.961,23.36,1.1
20,2012-04-06,2565259.92,0,50.06,3.996,214.2387053,7.139,23.39,0.8
20,2012-04-13,2045396.06,0,45.68,4.044,214.3127027,7.139,23.39,0.8
20,2012-04-20,1884427.84,0,60.11,4.027,214.3675045,7.139,23.39,0.8
20,2012-04-27,1886503.93,0,47.64,4.004,214.4223063,7.139,23.39,0.8
20,2012-05-04,2163510.89,0,62.74,3.951,214.4771081,7.139,23.41,0.1
20,2012-05-11,2168097.11,0,63.19,3.889,214.5319099,7.139,23.41,0.1
20,2012-05-18,2039222.26,0,60.99,3.848,214.5485571,7.139,23.41,0.1
20,2012-05-25,2114989.0,0,70.04,3.798,214.5499425,7.139,23.41,0.1
20,2012-06-01,2143126.59,0,73.67,3.742,214.5513278,7.139,23.46,-0.2
20,2012-06-08,2231962.13,0,62.01,3.689,214.5527132,7.139,23.46,-0.2
20,2012-06-15,2165160.29,0,71.51,3.62,214.5653243,7.139,23.46,-0.2
20,2012-06-22,2060588.69,0,76.51,3.564,214.606,7.139,23.46,-0.2
20,2012-06-29,2055952.61,0,74.15,3.506,214.6466757,7.139,23.46,-0.2
20,2012-07-06,2358055.3,0,79.2,3.475,214.6873514,7.28,23.49,-0.5
20,2012-07-13,2134680.12,0,78.27,3.523,214.728027,7.28,23.49,-0.5
20,2012-07-20,1970170.29,0,76.04,3.567,214.7331351,7.28,23.49,-0.5
20,2012-07-27,1911559.1,0,74.6,3.647,214.7382432,7.28,23.49,-0.5
20,2012-08-03,2094515.71,0,74.73,3.654,214.7433514,7.28,23.48,0.8
20,2012-08-10,2144245.39,0,75.4,3.722,214.7484595,7.28,23.48,0.8
20,2012-08-17,2045061.22,0,69.57,3.807,214.825578,7.28,23.48,0.8
20,2012-08-24,2005341.43,0,68.27,3.834,214.9567044,7.28,23.48,0.8
20,2012-08-31,2062481.56,0,72.66,3.867,215.0878309,7.28,23.48,0.8
20,2012-09-07,2080529.06,1,76.36,3.911,215.2189573,7.28,23.57,0.9
20,2012-09-14,2047949.98,0,64.84,3.948,215.3583757,7.28,23.57,0.9
20,2012-09-21,2028587.24,0,60.94,4.038,215.5475459,7.28,23.57,0.9
20,2012-09-28,2008350.58,0,58.65,3.997,215.7367162,7.28,23.57,0.9
20,2012-10-05,2246411.89,0,60.77,3.985,215.9258865,7.293,23.5,1.1
20,2012-10-12,2162951.36,0,47.2,4.0,216.1150568,7.293,23.5,1.1
20,2012-10-19,1999363.49,0,56.26,3.969,216.1464699,7.293,23.5,1.1
20,2012-10-26,2031650.55,0,60.04,3.882,216.1515902,7.293,23.5,1.1
22,2010-02-05,1033017.37,0,24.36,2.788,135.3524608,8.283,22.46,0.5
22,2010-02-12,1022571.25,1,28.14,2.771,135.4113076,8.283,22.46,0.5
22,2010-02-19,988467.61,0,31.96,2.747,135.4657781,8.283,22.46,0.5
22,2010-02-26,899761.48,0,35.98,2.753,135.5195191,8.283,22.46,0.5
22,2010-03-05,1009201.24,0,36.82,2.766,135.5732602,8.283,22.46,0.3
22,2010-03-12,967187.37,0,43.43,2.805,135.6270013,8.283,22.46,0.3
22,2010-03-19,966145.09,0,46.03,2.834,135.6682247,8.283,22.46,0.3
22,2010-03-26,1012075.12,0,48.56,2.831,135.7073618,8.283,22.46,0.3
22,2010-04-02,1177340.99,0,44.96,2.826,135.7464988,8.348,22.49,1.6
22,2010-04-09,1033171.07,0,57.06,2.849,135.7856359,8.348,22.49,1.6
22,2010-04-16,1000968.67,0,51.14,2.885,135.82725,8.348,22.49,1.6
22,2010-04-23,969594.47,0,51.04,2.895,135.8721667,8.348,22.49,1.6
22,2010-04-30,977683.06,0,50.96,2.935,135.9170833,8.348,22.49,1.6
22,2010-05-07,1052973.28,0,63.81,2.981,135.962,8.348,22.51,0.4
22,2010-05-14,973585.33,0,50.99,2.983,136.010394,8.348,22.51,0.4
22,2010-05-21,979977.89,0,59.99,2.961,136.0796521,8.348,22.51,0.4
22,2010-05-28,1103740.4,0,65.64,2.906,136.1489101,8.348,22.51,0.4
22,2010-06-04,1095539.13,0,69.49,2.857,136.2181682,8.348,22.53,-1.2
22,2010-06-11,1061196.47,0,65.01,2.83,136.2874263,8.348,22.53,-1.2
22,2010-06-18,1052895.25,0,67.13,2.805,136.3243393,8.348,22.53,-1.2
22,2010-06-25,1095020.33,0,74.37,2.81,136.3483143,8.348,22.53,-1.2
22,2010-07-02,1120259.71,0,72.88,2.815,136.3722893,8.433,22.59,-0.5
22,2010-07-09,1092654.26,0,79.22,2.806,136.3962643,8.433,22.59,-0.5
22,2010-07-16,988392.99,0,76.3,2.796,136.4179827,8.433,22.59,-0.5
22,2010-07-23,974123.2,0,76.91,2.784,136.4366924,8.433,22.59,-0.5
22,2010-07-30,970773.64,0,76.35,2.792,136.4554021,8.433,22.59,-0.5
22,2010-08-06,1010326.14,0,74.37,2.792,136.4741118,8.433,22.62,0.4
22,2010-08-13,993097.43,0,74.75,2.81,136.4928214,8.433,22.62,0.4
22,2010-08-20,1017045.44,0,73.21,2.796,136.5249182,8.433,22.62,0.4
22,2010-08-27,1081420.96,0,68.99,2.77,136.557015,8.433,22.62,0.4
22,2010-09-03,1074535.88,0,75.85,2.735,136.5891118,8.433,22.67,0.4
22,2010-09-10,924174.4,1,68.6,2.717,136.6212085,8.433,22.67,0.4
22,2010-09-17,918285.97,0,62.49,2.716,136.6338071,8.433,22.67,0.4
22,2010-09-24,902779.25,0,65.14,2.718,136.6317821,8.433,22.67,0.4
22,2010-10-01,905987.17,0,69.31,2.717,136.6297571,8.572,22.73,0.6
22,2010-10-08,1015051.62,0,56.32,2.776,136.6277321,8.572,22.73,0.6
22,2010-10-15,954401.46,0,55.23,2.878,136.6401935,8.572,22.73,0.6
22,2010-10-22,960998.52,0,50.24,2.919,136.688871,8.572,22.73,0.6
22,2010-10-29,1025766.27,0,57.73,2.938,136.7375484,8.572,22.73,0.6
22,2010-11-05,1006888.16,0,44.34,2.938,136.7862258,8.572,22.73,1.2
22,2010-11-12,1043698.64,0,44.42,2.961,136.8349032,8.572,22.73,1.2
22,2010-11-19,985896.44,0,48.62,3.03,136.7715714,8.572,22.73,1.2
22,2010-11-26,1564502.26,1,44.61,3.07,136.6895714,8.572,22.73,1.2
22,2010-12-03,1230514.58,0,39.42,3.065,136.6075714,8.572,22.76,0.8
22,2010-12-10,1367202.84,0,28.43,3.132,136.5255714,8.572,22.76,0.8
22,2010-12-17,1527682.99,0,30.46,3.139,136.5292811,8.572,22.76,0.8
22,2010-12-24,1962445.04,0,29.76,3.15,136.597273,8.572,22.76,0.8
22,2010-12-31,774262.28,1,28.49,3.177,136.665265,8.572,22.76,0.8
22,2011-01-07,873954.7,0,32.56,3.193,136.7332569,8.458,22.87,0.6
22,2011-01-14,807535.52,0,24.76,3.215,136.803477,8.458,22.87,0.6
22,2011-01-21,855001.02,0,26.8,3.232,136.8870657,8.458,22.87,0.6
22,2011-01-28,799369.15,0,20.61,3.243,136.9706544,8.458,22.87,0.6
22,2011-02-04,946060.98,0,26.39,3.24,137.0542431,8.458,22.87,0.3
22,2011-02-11,1009206.33,1,28.89,3.255,137.1378318,8.458,22.87,0.3
22,2011-02-18,975964.86,0,35.34,3.263,137.2511849,8.458,22.87,0.3
22,2011-02-25,911245.43,0,30.23,3.281,137.3764439,8.458,22.87,0.3
22,2011-03-04,997353.15,0,33.52,3.437,137.5017028,8.458,22.87,1.0
22,2011-03-11,944587.23,0,41.42,3.6,137.6269617,8.458,22.87,1.0
22,2011-03-18,926427.12,0,43.38,3.634,137.7398929,8.458,22.87,1.0
22,2011-03-25,933528.39,0,38.77,3.624,137.8478929,8.458,22.87,1.0
22,2011-04-01,951588.37,0,36.04,3.638,137.9558929,8.252,22.91,0.4
22,2011-04-08,969046.69,0,44.42,3.72,138.0638929,8.252,22.91,0.4
22,2011-04-15,1008557.04,0,48.88,3.823,138.1646952,8.252,22.91,0.4
22,2011-04-22,1152781.9,0,47.76,3.919,138.2475036,8.252,22.91,0.4
22,2011-04-29,926133.8,0,57.2,3.988,138.3303119,8.252,22.91,0.4
22,2011-05-06,1032076.06,0,53.63,4.078,138.4131202,8.252,22.97,0.5
22,2011-05-13,1001558.74,0,57.71,4.095,138.4959286,8.252,22.97,0.5
22,2011-05-20,970307.83,0,58.56,4.101,138.587106,8.252,22.97,0.5
22,2011-05-27,1021568.34,0,62.59,4.034,138.6782834,8.252,22.97,0.5
22,2011-06-03,1125169.92,0,70.09,3.973,138.7694608,8.252,23.0,-0.2
22,2011-06-10,1060868.49,0,69.53,3.924,138.8606382,8.252,23.0,-0.2
22,2011-06-17,1042454.61,0,63.97,3.873,139.0028333,8.252,23.0,-0.2
22,2011-06-24,1012584.2,0,68.53,3.851,139.1832917,8.252,23.0,-0.2
22,2011-07-01,1077491.68,0,70.8,3.815,139.36375,8.023,23.11,0.1
22,2011-07-08,1017050.65,0,74.22,3.784,139.5442083,8.023,23.11,0.1
22,2011-07-15,961953.57,0,75.2,3.827,139.7006325,8.023,23.11,0.1
22,2011-07-22,964683.8,0,77.79,3.882,139.7969712,8.023,23.11,0.1
22,2011-07-29,944958.69,0,75.32,3.898,139.8933099,8.023,23.11,0.1
22,2011-08-05,983232.96,0,75.33,3.903,139.9896486,8.023,23.06,0.5
22,2011-08-12,991779.2,0,74.69,3.88,140.0859873,8.023,23.06,0.5
22,2011-08-19,973004.91,0,71.3,3.82,140.1289205,8.023,23.06,0.5
22,2011-08-26,1181815.31,0,72.22,3.796,140.1629528,8.023,23.06,0.5
22,2011-09-02,912762.76,0,69.16,3.784,140.196985,8.023,23.11,0.0
22,2011-09-09,1004434.54,1,69.14,3.809,140.2310173,8.023,23.11,0.0
22,2011-09-16,937420.65,0,68.08,3.809,140.2735,8.023,23.11,0.0
22,2011-09-23,899834.75,0,62.36,3.758,140.32725,8.023,23.11,0.0
22,2011-09-30,953314.16,0,69.78,3.684,140.381,8.023,23.11,0.0
22,2011-10-07,993436.67,0,56.44,3.633,140.43475,7.706,23.18,1.1
22,2011-10-14,944337.32,0,62.63,3.583,140.4784194,7.706,23.18,1.1
22,2011-10-21,981567.22,0,59.3,3.618,140.4616048,7.706,23.18,1.1
22,2011-10-28,1099351.68,0,49.31,3.604,140.4447903,7.706,23.18,1.1
22,2011-11-04,1106575.59,0,42.81,3.586,140.4279758,7.706,23.19,0.5
22,2011-11-11,1051740.29,0,47.8,3.57,140.4111613,7.706,23.19,0.5
22,2011-11-18,1007579.44,0,50.62,3.571,140.4127857,7.706,23.19,0.5
22,2011-11-25,1535857.49,1,46.28,3.536,140.4217857,7.706,23.19,0.5
22,2011-12-02,1167621.14,0,49.11,3.501,140.4307857,7.706,23.22,0.2
22,2011-12-09,1308967.44,0,45.35,3.47,140.4397857,7.706,23.22,0.2
22,2011-12-16,1453153.33,0,39.11,3.445,140.4700795,7.706,23.22,0.2
22,2011-12-23,1863195.68,0,39.83,3.413,140.528765,7.706,23.22,0.2
22,2011-12-30,982661.14,1,36.28,3.402,140.5874505,7.706,23.22,0.2
22,2012-01-06,895358.2,0,34.61,3.439,140.6461359,7.503,23.26,0.1
22,2012-01-13,855437.57,0,39.0,3.523,140.7048214,7.503,23.26,0.1
22,2012-01-20,897027.44,0,29.16,3.542,140.8086118,7.503,23.26,0.1
22,2012-01-27,786459.23,0,35.68,3.568,140.9124021,7.503,23.26,0.1
22,2012-02-03,958487.75,0,40.58,3.633,141.0161924,7.503,23.28,0.4
22,2012-02-10,1034448.07,1,35.68,3.655,141.1199827,7.503,23.28,0.4
22,2012-02-17,1004749.41,0,36.25,3.703,141.2140357,7.503,23.28,0.4
22,2012-02-24,912958.95,0,39.0,3.751,141.3007857,7.503,23.28,0.4
22,2012-03-02,974866.65,0,37.47,3.827,141.3875357,7.503,23.36,1.1
22,2012-03-09,991127.01,0,41.72,3.876,141.4742857,7.503,23.36,1.1
22,2012-03-16,966780.01,0,46.06,3.867,141.55478,7.503,23.36,1.1
22,2012-03-23,992774.4,0,54.68,3.889,141.6269332,7.503,23.36,1.1
22,2012-03-30,965769.93,0,46.4,3.921,141.6990864,7.503,23.36,1.1
22,2012-04-06,1197489.66,0,46.38,3.957,141.7712396,7.671,23.39,0.8
22,2012-04-13,939118.24,0,49.89,4.025,141.8433929,7.671,23.39,0.8
22,2012-04-20,1000342.87,0,58.81,4.046,141.9015262,7.671,23.39,0.8
22,2012-04-27,922539.94,0,51.42,4.023,141.9596595,7.671,23.39,0.8
22,2012-05-04,1005083.31,0,50.75,3.991,142.0177929,7.671,23.41,0.1
22,2012-05-11,997868.63,0,56.72,3.947,142.0759262,7.671,23.41,0.1
22,2012-05-18,986612.02,0,61.9,3.899,142.0970115,7.671,23.41,0.1
22,2012-05-25,1047297.38,0,62.39,3.85,142.1032776,7.671,23.41,0.1
22,2012-06-01,1102857.37,0,70.01,3.798,142.1095438,7.671,23.46,-0.2
22,2012-06-08,1061134.37,0,61.71,3.746,142.1158099,7.671,23.46,-0.2
22,2012-06-15,1061219.19,0,66.56,3.683,142.1292548,7.671,23.46,-0.2
22,2012-06-22,1112449.3,0,70.61,3.629,142.1606464,7.671,23.46,-0.2
22,2012-06-29,1053881.78,0,70.99,3.577,142.1920381,7.671,23.46,-0.2
22,2012-07-06,1097786.14,0,77.41,3.538,142.2234298,7.753,23.49,-0.5
22,2012-07-13,971361.38,0,75.81,3.561,142.2548214,7.753,23.49,-0.5
22,2012-07-20,991969.37,0,76.57,3.61,142.2337569,7.753,23.49,-0.5
22,2012-07-27,925731.21,0,73.52,3.701,142.2126924,7.753,23.49,-0.5
22,2012-08-03,1007257.83,0,72.99,3.698,142.1916279,7.753,23.48,0.8
22,2012-08-10,973812.79,0,76.74,3.772,142.1705634,7.753,23.48,0.8
22,2012-08-17,981273.26,0,74.92,3.84,142.2157385,7.753,23.48,0.8
22,2012-08-24,1060906.75,0,70.42,3.874,142.3105933,7.753,23.48,0.8
22,2012-08-31,1022270.86,0,71.93,3.884,142.4054482,7.753,23.48,0.8
22,2012-09-07,996628.8,1,73.3,3.921,142.500303,7.753,23.57,0.9
22,2012-09-14,918049.28,0,66.42,3.988,142.5938833,7.753,23.57,0.9
22,2012-09-21,921612.53,0,63.38,4.056,142.6798167,7.753,23.57,0.9
22,2012-09-28,976479.51,0,62.17,4.018,142.76575,7.753,23.57,0.9
22,2012-10-05,1009887.36,0,62.09,4.027,142.8516833,7.543,23.5,1.1
22,2012-10-12,1004039.84,0,54.18,4.029,142.9376167,7.543,23.5,1.1
22,2012-10-19,978027.95,0,55.28,4.0,142.8633629,7.543,23.5,1.1
22,2012-10-26,1094422.69,0,57.58,3.917,142.7624113,7.543,23.5,1.1
25,2010-02-05,677231.63,0,21.1,2.784,204.2471935,8.187,22.46,0.5
25,2010-02-12,583364.02,1,19.64,2.773,204.3857472,8.187,22.46,0.5
25,2010-02-19,676260.67,0,24.16,2.745,204.4321004,8.187,22.46,0.5
25,2010-02-26,628516.57,0,29.16,2.754,204.4630869,8.187,22.46,0.5
25,2010-03-05,665750.06,0,29.45,2.777,204.4940734,8.187,22.46,0.3
25,2010-03-12,660619.99,0,40.05,2.818,204.5250598,8.187,22.46,0.3
25,2010-03-19,659795.84,0,45.0,2.844,204.3782258,8.187,22.46,0.3
25,2010-03-26,696687.6,0,45.84,2.854,204.201755,8.187,22.46,0.3
25,2010-04-02,822486.37,0,47.2,2.85,204.0252842,7.856,22.49,1.6
25,2010-04-09,712647.97,0,61.36,2.869,203.8488134,7.856,22.49,1.6
25,2010-04-16,715311.6,0,52.16,2.899,203.7307486,7.856,22.49,1.6
25,2010-04-23,694531.72,0,46.12,2.902,203.6905586,7.856,22.49,1.6
25,2010-04-30,706924.02,0,50.97,2.921,203.6503685,7.856,22.49,1.6
25,2010-05-07,724468.97,0,63.67,2.966,203.6101784,7.856,22.51,0.4
25,2010-05-14,698073.95,0,50.27,2.982,203.6133915,7.856,22.51,0.4
25,2010-05-21,704113.22,0,57.17,2.958,203.8770235,7.856,22.51,0.4
25,2010-05-28,792442.54,0,69.31,2.899,204.1406556,7.856,22.51,0.4
25,2010-06-04,764155.44,0,69.22,2.847,204.4042877,7.856,22.53,-1.2
25,2010-06-11,737163.2,0,63.68,2.809,204.6679198,7.856,22.53,-1.2
25,2010-06-18,780444.94,0,69.56,2.78,204.670036,7.856,22.53,-1.2
25,2010-06-25,737569.14,0,72.17,2.808,204.5675459,7.856,22.53,-1.2
25,2010-07-02,759407.87,0,66.42,2.815,204.4650559,7.527,22.59,-0.5
25,2010-07-09,719591.13,0,75.24,2.793,204.3625658,7.527,22.59,-0.5
25,2010-07-16,726997.84,0,73.43,2.783,204.3571656,7.527,22.59,-0.5
25,2010-07-23,665290.93,0,75.37,2.771,204.4812188,7.527,22.59,-0.5
25,2010-07-30,682124.34,0,71.99,2.781,204.605272,7.527,22.59,-0.5
25,2010-08-06,699464.43,0,71.79,2.784,204.7293252,7.527,22.62,0.4
25,2010-08-13,686072.39,0,72.73,2.805,204.8533784,7.527,22.62,0.4
25,2010-08-20,724499.81,0,71.81,2.779,204.8217044,7.527,22.62,0.4
25,2010-08-27,711461.95,0,67.15,2.755,204.7900305,7.527,22.62,0.4
25,2010-09-03,685700.08,0,71.17,2.715,204.7583566,7.527,22.67,0.4
25,2010-09-10,655811.95,1,61.14,2.699,204.7266827,7.527,22.67,0.4
25,2010-09-17,628989.88,0,60.13,2.706,204.7513279,7.527,22.67,0.4
25,2010-09-24,607819.33,0,65.06,2.713,204.8182126,7.527,22.67,0.4
25,2010-10-01,658640.14,0,57.56,2.707,204.8850973,7.484,22.73,0.6
25,2010-10-08,674283.86,0,48.46,2.764,204.951982,7.484,22.73,0.6
25,2010-10-15,616094.72,0,54.09,2.868,205.0137637,7.484,22.73,0.6
25,2010-10-22,661644.19,0,46.73,2.917,205.0627881,7.484,22.73,0.6
25,2010-10-29,674458.03,0,55.72,2.921,205.1118126,7.484,22.73,0.6
25,2010-11-05,696314.53,0,38.8,2.917,205.160837,7.484,22.73,1.2
25,2010-11-12,713250.08,0,40.68,2.931,205.2098614,7.484,22.73,1.2
25,2010-11-19,718056.73,0,42.72,3.0,205.0992811,7.484,22.73,1.2
25,2010-11-26,1115240.61,1,43.43,3.039,204.9621,7.484,22.73,1.2
25,2010-12-03,885572.96,0,32.41,3.046,204.8249189,7.484,22.76,0.8
25,2010-12-10,964729.18,0,22.65,3.109,204.6877378,7.484,22.76,0.8
25,2010-12-17,1047707.59,0,21.6,3.14,204.6321194,7.484,22.76,0.8
25,2010-12-24,1295391.19,0,22.94,3.141,204.6376731,7.484,22.76,0.8
25,2010-12-31,623092.54,1,25.89,3.179,204.6432267,7.484,22.76,0.8
25,2011-01-07,558794.63,0,29.0,3.193,204.6487803,7.343,22.87,0.6
25,2011-01-14,572360.83,0,18.3,3.205,204.7026042,7.343,22.87,0.6
25,2011-01-21,568093.57,0,23.21,3.229,205.0460497,7.343,22.87,0.6
25,2011-01-28,600448.69,0,18.92,3.237,205.3894952,7.343,22.87,0.6
25,2011-02-04,639830.45,0,23.94,3.231,205.7329407,7.343,22.87,0.3
25,2011-02-11,615666.78,1,21.18,3.239,206.0763862,7.343,22.87,0.3
25,2011-02-18,634637.03,0,38.42,3.245,206.3694701,7.343,22.87,0.3
25,2011-02-25,570816.34,0,28.36,3.274,206.6424093,7.343,22.87,0.3
25,2011-03-04,640912.18,0,31.59,3.433,206.9153485,7.343,22.87,1.0
25,2011-03-11,599828.39,0,36.73,3.582,207.1882876,7.343,22.87,1.0
25,2011-03-18,603393.64,0,40.94,3.631,207.4283845,7.343,22.87,1.0
25,2011-03-25,616324.24,0,38.51,3.625,207.6553444,7.343,22.87,1.0
25,2011-04-01,618377.79,0,28.5,3.638,207.8823043,7.287,22.91,0.4
25,2011-04-08,648606.13,0,42.11,3.72,208.1092642,7.287,22.91,0.4
25,2011-04-15,674562.45,0,51.43,3.821,208.3172811,7.287,22.91,0.4
25,2011-04-22,756588.42,0,45.87,3.892,208.4779405,7.287,22.91,0.4
25,2011-04-29,649245.0,0,58.43,3.962,208.6386,7.287,22.91,0.4
25,2011-05-06,659446.55,0,49.5,4.046,208.7992595,7.287,22.97,0.5
25,2011-05-13,684783.15,0,60.1,4.066,208.9599189,7.287,22.97,0.5
25,2011-05-20,677971.33,0,56.56,4.062,208.7583165,7.287,22.97,0.5
25,2011-05-27,718373.94,0,67.18,3.985,208.556714,7.287,22.97,0.5
25,2011-06-03,737551.74,0,70.69,3.922,208.3551116,7.287,23.0,-0.2
25,2011-06-10,740259.63,0,71.45,3.881,208.1535092,7.287,23.0,-0.2
25,2011-06-17,717373.43,0,63.58,3.842,208.1265604,7.287,23.0,-0.2
25,2011-06-24,699270.1,0,70.71,3.804,208.2306018,7.287,23.0,-0.2
25,2011-07-01,706206.86,0,66.61,3.748,208.3346432,7.274,23.11,0.1
25,2011-07-08,698529.64,0,71.64,3.711,208.4386847,7.274,23.11,0.1
25,2011-07-15,680510.23,0,72.67,3.76,208.5309337,7.274,23.11,0.1
25,2011-07-22,670854.96,0,78.1,3.811,208.5937018,7.274,23.11,0.1
25,2011-07-29,668390.82,0,74.72,3.829,208.6564699,7.274,23.11,0.1
25,2011-08-05,679706.01,0,74.0,3.842,208.719238,7.274,23.06,0.5
25,2011-08-12,667130.48,0,70.93,3.812,208.7820061,7.274,23.06,0.5
25,2011-08-19,688958.75,0,68.09,3.747,208.8424359,7.274,23.06,0.5
25,2011-08-26,726422.55,0,66.8,3.704,208.902476,7.274,23.06,0.5
25,2011-09-02,699779.0,0,67.2,3.703,208.9625161,7.274,23.11,0.0
25,2011-09-09,673248.48,1,67.51,3.738,209.0225562,7.274,23.11,0.0
25,2011-09-16,628720.46,0,62.05,3.742,209.1893892,7.274,23.11,0.0
25,2011-09-23,620885.93,0,60.28,3.711,209.4986126,7.274,23.11,0.0
25,2011-09-30,639160.24,0,60.7,3.645,209.807836,7.274,23.11,0.0
25,2011-10-07,671522.87,0,50.82,3.583,210.1170595,7.082,23.18,1.1
25,2011-10-14,646915.47,0,58.95,3.541,210.4027602,7.082,23.18,1.1
25,2011-10-21,690675.5,0,50.22,3.57,210.5473252,7.082,23.18,1.1
25,2011-10-28,724443.97,0,46.28,3.569,210.6918901,7.082,23.18,1.1
25,2011-11-04,718393.61,0,40.88,3.551,210.8364551,7.082,23.19,0.5
25,2011-11-11,719235.07,0,44.81,3.53,210.9810201,7.082,23.19,0.5
25,2011-11-18,728525.6,0,46.41,3.53,211.1847207,7.082,23.19,0.5
25,2011-11-25,1116211.39,1,43.49,3.492,211.4120757,7.082,23.19,0.5
25,2011-12-02,878314.57,0,42.85,3.452,211.6394306,7.082,23.22,0.2
25,2011-12-09,916446.02,0,38.69,3.415,211.8667856,7.082,23.22,0.2
25,2011-12-16,997502.47,0,33.09,3.413,212.0685039,7.082,23.22,0.2
25,2011-12-23,1290532.97,0,36.56,3.389,212.2360401,7.082,23.22,0.2
25,2011-12-30,683665.37,1,32.42,3.389,212.4035763,7.082,23.22,0.2
25,2012-01-06,636419.12,0,30.23,3.422,212.5711125,6.961,23.26,0.1
25,2012-01-13,614764.31,0,34.6,3.513,212.7386486,6.961,23.26,0.1
25,2012-01-20,594744.89,0,23.87,3.533,212.8336399,6.961,23.26,0.1
25,2012-01-27,589554.29,0,32.24,3.567,212.9286312,6.961,23.26,0.1
25,2012-02-03,642776.4,0,34.98,3.617,213.0236225,6.961,23.28,0.4
25,2012-02-10,658984.38,1,32.47,3.64,213.1186138,6.961,23.28,0.4
25,2012-02-17,654088.02,0,32.23,3.695,213.2732106,6.961,23.28,0.4
25,2012-02-24,613501.05,0,35.51,3.739,213.4725116,6.961,23.28,0.4
25,2012-03-02,643155.89,0,36.01,3.816,213.6718127,6.961,23.36,1.1
25,2012-03-09,643711.53,0,37.44,3.848,213.8711137,6.961,23.36,1.1
25,2012-03-16,638204.27,0,50.64,3.862,214.0167132,6.961,23.36,1.1
25,2012-03-23,672831.78,0,62.7,3.9,214.0907105,6.961,23.36,1.1
25,2012-03-30,684348.92,0,47.92,3.953,214.1647079,6.961,23.36,1.1
25,2012-04-06,791356.9,0,44.73,3.996,214.2387053,7.139,23.39,0.8
25,2012-04-13,658691.56,0,42.46,4.044,214.3127027,7.139,23.39,0.8
25,2012-04-20,661566.48,0,57.1,4.027,214.3675045,7.139,23.39,0.8
25,2012-04-27,655157.32,0,44.2,4.004,214.4223063,7.139,23.39,0.8
25,2012-05-04,696421.72,0,58.76,3.951,214.4771081,7.139,23.41,0.1
25,2012-05-11,739866.16,0,59.21,3.889,214.5319099,7.139,23.41,0.1
25,2012-05-18,717207.19,0,58.21,3.848,214.5485571,7.139,23.41,0.1
25,2012-05-25,783371.02,0,67.69,3.798,214.5499425,7.139,23.41,0.1
25,2012-06-01,694765.95,0,69.54,3.742,214.5513278,7.139,23.46,-0.2
25,2012-06-08,730254.19,0,58.48,3.689,214.5527132,7.139,23.46,-0.2
25,2012-06-15,753860.89,0,68.34,3.62,214.5653243,7.139,23.46,-0.2
25,2012-06-22,721601.9,0,73.52,3.564,214.606,7.139,23.46,-0.2
25,2012-06-29,718890.81,0,69.84,3.506,214.6466757,7.139,23.46,-0.2
25,2012-07-06,753385.55,0,75.52,3.475,214.6873514,7.28,23.49,-0.5
25,2012-07-13,714093.95,0,73.87,3.523,214.728027,7.28,23.49,-0.5
25,2012-07-20,685676.58,0,74.32,3.567,214.7331351,7.28,23.49,-0.5
25,2012-07-27,659109.53,0,72.98,3.647,214.7382432,7.28,23.49,-0.5
25,2012-08-03,709724.6,0,72.08,3.654,214.7433514,7.28,23.48,0.8
25,2012-08-10,710496.97,0,71.93,3.722,214.7484595,7.28,23.48,0.8
25,2012-08-17,728467.72,0,66.99,3.807,214.825578,7.28,23.48,0.8
25,2012-08-24,756527.64,0,64.53,3.834,214.9567044,7.28,23.48,0.8
25,2012-08-31,714828.73,0,68.55,3.867,215.0878309,7.28,23.48,0.8
25,2012-09-07,671482.9,1,72.79,3.911,215.2189573,7.28,23.57,0.9
25,2012-09-14,657241.63,0,60.9,3.948,215.3583757,7.28,23.57,0.9
25,2012-09-21,664745.2,0,57.6,4.038,215.5475459,7.28,23.57,0.9
25,2012-09-28,683300.84,0,54.52,3.997,215.7367162,7.28,23.57,0.9
25,2012-10-05,699536.73,0,57.58,3.985,215.9258865,7.293,23.5,1.1
25,2012-10-12,697317.41,0,43.74,4.0,216.1150568,7.293,23.5,1.1
25,2012-10-19,685531.85,0,51.93,3.969,216.1464699,7.293,23.5,1.1
25,2012-10-26,688940.94,0,56.69,3.882,216.1515902,7.293,23.5,1.1
30,2010-02-05,465108.52,0,39.05,2.572,210.7526053,8.324,22.46,0.5
30,2010-02-12,497374.57,1,37.77,2.548,210.8979935,8.324,22.46,0.5
30,2010-02-19,463513.26,0,39.75,2.514,210.9451605,8.324,22.46,0.5
30,2010-02-26,472330.71,0,45.31,2.561,210.9759573,8.324,22.46,0.5
30,2010-03-05,472591.07,0,48.61,2.625,211.0067542,8.324,22.46,0.3
30,2010-03-12,468189.93,0,57.1,2.667,211.037551,8.324,22.46,0.3
30,2010-03-19,445736.36,0,54.68,2.72,210.8733316,8.324,22.46,0.3
30,2010-03-26,442457.35,0,51.66,2.732,210.6766095,8.324,22.46,0.3
30,2010-04-02,457884.06,0,64.12,2.719,210.4798874,8.2,22.49,1.6
30,2010-04-09,454800.96,0,65.74,2.77,210.2831653,8.2,22.49,1.6
30,2010-04-16,471054.16,0,67.87,2.808,210.1495463,8.2,22.49,1.6
30,2010-04-23,462454.39,0,64.21,2.795,210.1000648,8.2,22.49,1.6
30,2010-04-30,456140.34,0,66.93,2.78,210.0505833,8.2,22.49,1.6
30,2010-05-07,457883.94,0,70.87,2.835,210.0011018,8.2,22.51,0.4
30,2010-05-14,461868.09,0,73.08,2.854,209.9984585,8.2,22.51,0.4
30,2010-05-21,455751.84,0,74.24,2.826,210.2768443,8.2,22.51,0.4
30,2010-05-28,462474.16,0,80.94,2.759,210.5552301,8.2,22.51,0.4
30,2010-06-04,458343.7,0,82.68,2.705,210.833616,8.2,22.53,-1.2
30,2010-06-11,445530.16,0,83.51,2.668,211.1120018,8.2,22.53,-1.2
30,2010-06-18,447727.52,0,86.18,2.637,211.1096543,8.2,22.53,-1.2
30,2010-06-25,453210.24,0,87.01,2.653,210.9950134,8.2,22.53,-1.2
30,2010-07-02,450337.47,0,82.29,2.669,210.8803726,8.099,22.59,-0.5
30,2010-07-09,436293.4,0,81.67,2.642,210.7657317,8.099,22.59,-0.5
30,2010-07-16,438068.71,0,85.61,2.623,210.7577954,8.099,22.59,-0.5
30,2010-07-23,440491.33,0,87.17,2.608,210.8921319,8.099,22.59,-0.5
30,2010-07-30,437893.76,0,83.59,2.64,211.0264684,8.099,22.59,-0.5
30,2010-08-06,441407.06,0,90.3,2.627,211.1608049,8.099,22.62,0.4
30,2010-08-13,444160.07,0,89.65,2.692,211.2951413,8.099,22.62,0.4
30,2010-08-20,447139.8,0,89.58,2.664,211.2596586,8.099,22.62,0.4
30,2010-08-27,443810.78,0,86.2,2.619,211.2241759,8.099,22.62,0.4
30,2010-09-03,461548.98,0,82.57,2.577,211.1886931,8.099,22.67,0.4
30,2010-09-10,455162.92,1,79.3,2.565,211.1532104,8.099,22.67,0.4
30,2010-09-17,462058.19,0,83.03,2.582,211.1806415,8.099,22.67,0.4
30,2010-09-24,448392.17,0,80.79,2.624,211.2552578,8.099,22.67,0.4
30,2010-10-01,445475.3,0,70.28,2.603,211.3298742,8.163,22.73,0.6
30,2010-10-08,462080.47,0,65.76,2.633,211.4044906,8.163,22.73,0.6
30,2010-10-15,453943.89,0,68.61,2.72,211.4713286,8.163,22.73,0.6
30,2010-10-22,459631.74,0,70.72,2.725,211.5187208,8.163,22.73,0.6
30,2010-10-29,438334.39,0,67.51,2.716,211.5661131,8.163,22.73,0.6
30,2010-11-05,484661.87,0,58.71,2.689,211.6135053,8.163,22.73,1.2
30,2010-11-12,431266.64,0,60.95,2.728,211.6608975,8.163,22.73,1.2
30,2010-11-19,423707.69,0,51.71,2.771,211.5470304,8.163,22.73,1.2
30,2010-11-26,462732.36,1,62.96,2.735,211.4062867,8.163,22.73,1.2
30,2010-12-03,407112.22,0,50.43,2.708,211.265543,8.163,22.76,0.8
30,2010-12-10,428631.91,0,46.35,2.843,211.1247993,8.163,22.76,0.8
30,2010-12-17,445332.28,0,48.63,2.869,211.0645458,8.163,22.76,0.8
30,2010-12-24,519354.88,0,51.29,2.886,211.0646599,8.163,22.76,0.8
30,2010-12-31,397631.02,1,47.19,2.943,211.064774,8.163,22.76,0.8
30,2011-01-07,451077.21,0,44.24,2.976,211.0648881,8.028,22.87,0.6
30,2011-01-14,465408.72,0,34.14,2.983,211.1176713,8.028,22.87,0.6
30,2011-01-21,439132.62,0,42.72,3.016,211.4864691,8.028,22.87,0.6
30,2011-01-28,425989.04,0,44.04,3.01,211.8552668,8.028,22.87,0.6
30,2011-02-04,490970.95,0,36.33,2.989,212.2240646,8.028,22.87,0.3
30,2011-02-11,470921.24,1,34.61,3.022,212.5928624,8.028,22.87,0.3
30,2011-02-18,417070.51,0,59.87,3.045,212.9033115,8.028,22.87,0.3
30,2011-02-25,432687.97,0,61.27,3.065,213.190421,8.028,22.87,0.3
30,2011-03-04,443334.71,0,59.52,3.288,213.4775305,8.028,22.87,1.0
30,2011-03-11,438529.81,0,54.69,3.459,213.7646401,8.028,22.87,1.0
30,2011-03-18,425470.84,0,63.26,3.488,214.0156238,8.028,22.87,1.0
30,2011-03-25,431754.01,0,70.33,3.473,214.2521573,8.028,22.87,1.0
30,2011-04-01,437926.79,0,56.36,3.524,214.4886908,7.931,22.91,0.4
30,2011-04-08,443889.5,0,68.62,3.622,214.7252242,7.931,22.91,0.4
30,2011-04-15,426666.92,0,71.01,3.743,214.9420631,7.931,22.91,0.4
30,2011-04-22,445358.73,0,70.79,3.807,215.1096657,7.931,22.91,0.4
30,2011-04-29,423687.2,0,70.19,3.81,215.2772683,7.931,22.91,0.4
30,2011-05-06,438789.52,0,61.87,3.906,215.4448709,7.931,22.97,0.5
30,2011-05-13,424614.59,0,75.04,3.899,215.6124735,7.931,22.97,0.5
30,2011-05-20,435102.2,0,68.36,3.907,215.3834778,7.931,22.97,0.5
30,2011-05-27,429305.82,0,76.86,3.786,215.1544822,7.931,22.97,0.5
30,2011-06-03,432808.48,0,83.82,3.699,214.9254865,7.931,23.0,-0.2
30,2011-06-10,424697.05,0,84.71,3.648,214.6964908,7.931,23.0,-0.2
30,2011-06-17,435481.03,0,87.54,3.637,214.6513538,7.931,23.0,-0.2
30,2011-06-24,422715.74,0,85.72,3.594,214.7441108,7.931,23.0,-0.2
30,2011-07-01,428782.38,0,87.57,3.524,214.8368678,7.852,23.11,0.1
30,2011-07-08,419764.37,0,89.16,3.48,214.9296249,7.852,23.11,0.1
30,2011-07-15,420515.63,0,91.05,3.575,215.0134426,7.852,23.11,0.1
30,2011-07-22,423441.76,0,90.27,3.651,215.0749122,7.852,23.11,0.1
30,2011-07-29,414245.96,0,91.56,3.682,215.1363819,7.852,23.11,0.1
30,2011-08-05,431798.64,0,94.22,3.684,215.1978515,7.852,23.06,0.5
30,2011-08-12,412224.67,0,92.32,3.638,215.2593211,7.852,23.06,0.5
30,2011-08-19,414450.61,0,90.11,3.554,215.3229307,7.852,23.06,0.5
30,2011-08-26,387944.83,0,92.07,3.523,215.386897,7.852,23.06,0.5
30,2011-09-02,369722.32,0,91.94,3.533,215.4508632,7.852,23.11,0.0
30,2011-09-09,370897.82,1,78.87,3.546,215.5148295,7.852,23.11,0.0
30,2011-09-16,382914.66,0,80.62,3.526,215.6944378,7.852,23.11,0.0
30,2011-09-23,391837.56,0,75.68,3.467,216.0282356,7.852,23.11,0.0
30,2011-09-30,387001.13,0,78.91,3.355,216.3620333,7.852,23.11,0.0
30,2011-10-07,417528.26,0,71.64,3.285,216.6958311,7.441,23.18,1.1
30,2011-10-14,410711.99,0,69.79,3.274,217.0048261,7.441,23.18,1.1
30,2011-10-21,428958.53,0,65.16,3.353,217.1650042,7.441,23.18,1.1
30,2011-10-28,426151.88,0,65.46,3.372,217.3251824,7.441,23.18,1.1
30,2011-11-04,432359.04,0,56.01,3.332,217.4853605,7.441,23.19,0.5
30,2011-11-11,409686.63,0,59.8,3.297,217.6455387,7.441,23.19,0.5
30,2011-11-18,436462.63,0,61.9,3.308,217.8670218,7.441,23.19,0.5
30,2011-11-25,452163.93,1,56.43,3.236,218.1130269,7.441,23.19,0.5
30,2011-12-02,412385.75,0,48.72,3.172,218.3590319,7.441,23.22,0.2
30,2011-12-09,436741.02,0,41.44,3.158,218.605037,7.441,23.22,0.2
30,2011-12-16,441265.08,0,50.56,3.159,218.8217928,7.441,23.22,0.2
30,2011-12-23,492022.68,0,46.54,3.112,218.9995495,7.441,23.22,0.2
30,2011-12-30,376777.45,1,45.16,3.129,219.1773063,7.441,23.22,0.2
30,2012-01-06,457030.86,0,48.1,3.157,219.355063,7.057,23.26,0.1
30,2012-01-13,447023.91,0,45.0,3.261,219.5328198,7.057,23.26,0.1
30,2012-01-20,438760.62,0,52.21,3.268,219.6258417,7.057,23.26,0.1
30,2012-01-27,433037.66,0,50.79,3.29,219.7188636,7.057,23.26,0.1
30,2012-02-03,434080.74,0,55.83,3.36,219.8118854,7.057,23.28,0.4
30,2012-02-10,451365.99,1,46.52,3.409,219.9049073,7.057,23.28,0.4
30,2012-02-17,435109.11,0,45.03,3.51,220.0651993,7.057,23.28,0.4
30,2012-02-24,425215.71,0,54.81,3.555,220.275944,7.057,23.28,0.4
30,2012-03-02,438640.61,0,59.3,3.63,220.4866886,7.057,23.36,1.1
30,2012-03-09,446617.89,0,57.16,3.669,220.6974332,7.057,23.36,1.1
30,2012-03-16,413617.45,0,63.39,3.734,220.8498468,7.057,23.36,1.1
30,2012-03-23,430222.97,0,62.96,3.787,220.9244858,7.057,23.36,1.1
30,2012-03-30,449603.91,0,67.87,3.845,220.9991248,7.057,23.36,1.1
30,2012-04-06,461511.92,0,69.02,3.891,221.0737638,6.891,23.39,0.8
30,2012-04-13,428784.7,0,69.03,3.891,221.1484028,6.891,23.39,0.8
30,2012-04-20,462909.41,0,66.97,3.877,221.2021074,6.891,23.39,0.8
30,2012-04-27,433744.83,0,69.21,3.814,221.255812,6.891,23.39,0.8
30,2012-05-04,454477.54,0,77.53,3.749,221.3095166,6.891,23.41,0.1
30,2012-05-11,436070.45,0,74.14,3.688,221.3632212,6.891,23.41,0.1
30,2012-05-18,460945.14,0,72.42,3.63,221.380331,6.891,23.41,0.1
30,2012-05-25,449355.91,0,79.49,3.561,221.3828029,6.891,23.41,0.1
30,2012-06-01,427021.18,0,79.24,3.501,221.3852748,6.891,23.46,-0.2
30,2012-06-08,437222.94,0,79.47,3.452,221.3877467,6.891,23.46,-0.2
30,2012-06-15,438523.24,0,81.51,3.393,221.4009901,6.891,23.46,-0.2
30,2012-06-22,428554.63,0,81.78,3.346,221.4411622,6.891,23.46,-0.2
30,2012-06-29,423192.4,0,88.05,3.286,221.4813343,6.891,23.46,-0.2
30,2012-07-06,440553.42,0,85.26,3.227,221.5215064,6.565,23.49,-0.5
30,2012-07-13,417640.34,0,82.51,3.256,221.5616784,6.565,23.49,-0.5
30,2012-07-20,427491.04,0,84.25,3.311,221.5701123,6.565,23.49,-0.5
30,2012-07-27,424581.17,0,88.09,3.407,221.5785461,6.565,23.49,-0.5
30,2012-08-03,425136.55,0,91.57,3.417,221.5869799,6.565,23.48,0.8
30,2012-08-10,430878.28,0,89.57,3.494,221.5954138,6.565,23.48,0.8
30,2012-08-17,423351.15,0,85.55,3.571,221.6751459,6.565,23.48,0.8
30,2012-08-24,425296.65,0,77.72,3.62,221.8083518,6.565,23.48,0.8
30,2012-08-31,439132.5,0,83.58,3.638,221.9415576,6.565,23.48,0.8
30,2012-09-07,433565.77,1,88.4,3.73,222.0747635,6.565,23.57,0.9
30,2012-09-14,437773.31,0,76.1,3.717,222.2174395,6.565,23.57,0.9
30,2012-09-21,443891.64,0,71.54,3.721,222.4169362,6.565,23.57,0.9
30,2012-09-28,425410.04,0,80.38,3.666,222.6164329,6.565,23.57,0.9
30,2012-10-05,446751.45,0,70.28,3.617,222.8159296,6.17,23.5,1.1
30,2012-10-12,434593.26,0,61.53,3.601,223.0154263,6.17,23.5,1.1
30,2012-10-19,437537.29,0,68.52,3.594,223.0598077,6.17,23.5,1.1
30,2012-10-26,439424.5,0,70.5,3.506,223.0783366,6.17,23.5,1.1
31,2010-02-05,1469252.05,0,39.05,2.572,210.7526053,8.324,22.46,0.5
31,2010-02-12,1543947.23,1,37.77,2.548,210.8979935,8.324,22.46,0.5
31,2010-02-19,1473386.75,0,39.75,2.514,210.9451605,8.324,22.46,0.5
31,2010-02-26,1344354.41,0,45.31,2.561,210.9759573,8.324,22.46,0.5
31,2010-03-05,1384870.51,0,48.61,2.625,211.0067542,8.324,22.46,0.3
31,2010-03-12,1366193.35,0,57.1,2.667,211.037551,8.324,22.46,0.3
31,2010-03-19,1332261.01,0,54.68,2.72,210.8733316,8.324,22.46,0.3
31,2010-03-26,1229635.7,0,51.66,2.732,210.6766095,8.324,22.46,0.3
31,2010-04-02,1357600.68,0,64.12,2.719,210.4798874,8.2,22.49,1.6
31,2010-04-09,1395710.09,0,65.74,2.77,210.2831653,8.2,22.49,1.6
31,2010-04-16,1367448.28,0,67.87,2.808,210.1495463,8.2,22.49,1.6
31,2010-04-23,1280465.8,0,64.21,2.795,210.1000648,8.2,22.49,1.6
31,2010-04-30,1243200.24,0,66.93,2.78,210.0505833,8.2,22.49,1.6
31,2010-05-07,1381796.8,0,70.87,2.835,210.0011018,8.2,22.51,0.4
31,2010-05-14,1287288.59,0,73.08,2.854,209.9984585,8.2,22.51,0.4
31,2010-05-21,1337405.6,0,74.24,2.826,210.2768443,8.2,22.51,0.4
31,2010-05-28,1309437.17,0,80.94,2.759,210.5552301,8.2,22.51,0.4
31,2010-06-04,1427624.5,0,82.68,2.705,210.833616,8.2,22.53,-1.2
31,2010-06-11,1377092.33,0,83.51,2.668,211.1120018,8.2,22.53,-1.2
31,2010-06-18,1368090.08,0,86.18,2.637,211.1096543,8.2,22.53,-1.2
31,2010-06-25,1303523.73,0,87.01,2.653,210.9950134,8.2,22.53,-1.2
31,2010-07-02,1311704.92,0,82.29,2.669,210.8803726,8.099,22.59,-0.5
31,2010-07-09,1315118.4,0,81.67,2.642,210.7657317,8.099,22.59,-0.5
31,2010-07-16,1335433.72,0,85.61,2.623,210.7577954,8.099,22.59,-0.5
31,2010-07-23,1276031.84,0,87.17,2.608,210.8921319,8.099,22.59,-0.5
31,2010-07-30,1231993.14,0,83.59,2.64,211.0264684,8.099,22.59,-0.5
31,2010-08-06,1352401.08,0,90.3,2.627,211.1608049,8.099,22.62,0.4
31,2010-08-13,1327719.34,0,89.65,2.692,211.2951413,8.099,22.62,0.4
31,2010-08-20,1376571.21,0,89.58,2.664,211.2596586,8.099,22.62,0.4
31,2010-08-27,1326621.98,0,86.2,2.619,211.2241759,8.099,22.62,0.4
31,2010-09-03,1302047.48,0,82.57,2.577,211.1886931,8.099,22.67,0.4
31,2010-09-10,1308179.02,1,79.3,2.565,211.1532104,8.099,22.67,0.4
31,2010-09-17,1294105.01,0,83.03,2.582,211.1806415,8.099,22.67,0.4
31,2010-09-24,1230250.25,0,80.79,2.624,211.2552578,8.099,22.67,0.4
31,2010-10-01,1213981.64,0,70.28,2.603,211.3298742,8.163,22.73,0.6
31,2010-10-08,1300131.68,0,65.76,2.633,211.4044906,8.163,22.73,0.6
31,2010-10-15,1265852.43,0,68.61,2.72,211.4713286,8.163,22.73,0.6
31,2010-10-22,1262289.29,0,70.72,2.725,211.5187208,8.163,22.73,0.6
31,2010-10-29,1257921.28,0,67.51,2.716,211.5661131,8.163,22.73,0.6
31,2010-11-05,1324455.72,0,58.71,2.689,211.6135053,8.163,22.73,1.2
31,2010-11-12,1352780.76,0,60.95,2.728,211.6608975,8.163,22.73,1.2
31,2010-11-19,1359158.57,0,51.71,2.771,211.5470304,8.163,22.73,1.2
31,2010-11-26,1858856.06,1,62.96,2.735,211.4062867,8.163,22.73,1.2
31,2010-12-03,1338716.37,0,50.43,2.708,211.265543,8.163,22.76,0.8
31,2010-12-10,1475685.1,0,46.35,2.843,211.1247993,8.163,22.76,0.8
31,2010-12-17,1714667.0,0,48.63,2.869,211.0645458,8.163,22.76,0.8
31,2010-12-24,2068942.97,0,51.29,2.886,211.0646599,8.163,22.76,0.8
31,2010-12-31,1198071.6,1,47.19,2.943,211.064774,8.163,22.76,0.8
31,2011-01-07,1311986.87,0,44.24,2.976,211.0648881,8.028,22.87,0.6
31,2011-01-14,1350730.31,0,34.14,2.983,211.1176713,8.028,22.87,0.6
31,2011-01-21,1344167.13,0,42.72,3.016,211.4864691,8.028,22.87,0.6
31,2011-01-28,1254955.68,0,44.04,3.01,211.8552668,8.028,22.87,0.6
31,2011-02-04,1443206.46,0,36.33,2.989,212.2240646,8.028,22.87,0.3
31,2011-02-11,1539230.32,1,34.61,3.022,212.5928624,8.028,22.87,0.3
31,2011-02-18,1539063.91,0,59.87,3.045,212.9033115,8.028,22.87,0.3
31,2011-02-25,1365678.22,0,61.27,3.065,213.190421,8.028,22.87,0.3
31,2011-03-04,1412721.18,0,59.52,3.288,213.4775305,8.028,22.87,1.0
31,2011-03-11,1405572.93,0,54.69,3.459,213.7646401,8.028,22.87,1.0
31,2011-03-18,1425559.02,0,63.26,3.488,214.0156238,8.028,22.87,1.0
31,2011-03-25,1357036.1,0,70.33,3.473,214.2521573,8.028,22.87,1.0
31,2011-04-01,1344890.73,0,56.36,3.524,214.4886908,7.931,22.91,0.4
31,2011-04-08,1416790.17,0,68.62,3.622,214.7252242,7.931,22.91,0.4
31,2011-04-15,1408464.08,0,71.01,3.743,214.9420631,7.931,22.91,0.4
31,2011-04-22,1461393.91,0,70.79,3.807,215.1096657,7.931,22.91,0.4
31,2011-04-29,1331137.96,0,70.19,3.81,215.2772683,7.931,22.91,0.4
31,2011-05-06,1388755.61,0,61.87,3.906,215.4448709,7.931,22.97,0.5
31,2011-05-13,1408118.22,0,75.04,3.899,215.6124735,7.931,22.97,0.5
31,2011-05-20,1387365.19,0,68.36,3.907,215.3834778,7.931,22.97,0.5
31,2011-05-27,1342273.64,0,76.86,3.786,215.1544822,7.931,22.97,0.5
31,2011-06-03,1430348.1,0,83.82,3.699,214.9254865,7.931,23.0,-0.2
31,2011-06-10,1425299.37,0,84.71,3.648,214.6964908,7.931,23.0,-0.2
31,2011-06-17,1491039.14,0,87.54,3.637,214.6513538,7.931,23.0,-0.2
31,2011-06-24,1375962.46,0,85.72,3.594,214.7441108,7.931,23.0,-0.2
31,2011-07-01,1371889.27,0,87.57,3.524,214.8368678,7.852,23.11,0.1
31,2011-07-08,1423144.47,0,89.16,3.48,214.9296249,7.852,23.11,0.1
31,2011-07-15,1415473.91,0,91.05,3.575,215.0134426,7.852,23.11,0.1
31,2011-07-22,1401944.8,0,90.27,3.651,215.0749122,7.852,23.11,0.1
31,2011-07-29,1308122.15,0,91.56,3.682,215.1363819,7.852,23.11,0.1
31,2011-08-05,1428993.33,0,94.22,3.684,215.1978515,7.852,23.06,0.5
31,2011-08-12,1443311.49,0,92.32,3.638,215.2593211,7.852,23.06,0.5
31,2011-08-19,1487542.53,0,90.11,3.554,215.3229307,7.852,23.06,0.5
31,2011-08-26,1417267.07,0,92.07,3.523,215.386897,7.852,23.06,0.5
31,2011-09-02,1385769.03,0,91.94,3.533,215.4508632,7.852,23.11,0.0
31,2011-09-09,1376670.27,1,78.87,3.546,215.5148295,7.852,23.11,0.0
31,2011-09-16,1363460.86,0,80.62,3.526,215.6944378,7.852,23.11,0.0
31,2011-09-23,1347607.74,0,75.68,3.467,216.0282356,7.852,23.11,0.0
31,2011-09-30,1285534.74,0,78.91,3.355,216.3620333,7.852,23.11,0.0
31,2011-10-07,1427383.24,0,71.64,3.285,216.6958311,7.441,23.18,1.1
31,2011-10-14,1378340.18,0,69.79,3.274,217.0048261,7.441,23.18,1.1
31,2011-10-21,1409310.4,0,65.16,3.353,217.1650042,7.441,23.18,1.1
31,2011-10-28,1346862.72,0,65.46,3.372,217.3251824,7.441,23.18,1.1
31,2011-11-04,1426405.46,0,56.01,3.332,217.4853605,7.441,23.19,0.5
31,2011-11-11,1444783.64,0,59.8,3.297,217.6455387,7.441,23.19,0.5
31,2011-11-18,1445174.79,0,61.9,3.308,217.8670218,7.441,23.19,0.5
31,2011-11-25,1934099.65,1,56.43,3.236,218.1130269,7.441,23.19,0.5
31,2011-12-02,1388809.43,0,48.72,3.172,218.3590319,7.441,23.22,0.2
31,2011-12-09,1556798.94,0,41.44,3.158,218.605037,7.441,23.22,0.2
31,2011-12-16,1611196.61,0,50.56,3.159,218.8217928,7.441,23.22,0.2
31,2011-12-23,2026176.14,0,46.54,3.112,218.9995495,7.441,23.22,0.2
31,2011-12-30,1355405.95,1,45.16,3.129,219.1773063,7.441,23.22,0.2
31,2012-01-06,1401232.52,0,48.1,3.157,219.355063,7.057,23.26,0.1
31,2012-01-13,1377485.12,0,45.0,3.261,219.5328198,7.057,23.26,0.1
31,2012-01-20,1372504.9,0,52.21,3.268,219.6258417,7.057,23.26,0.1
31,2012-01-27,1259941.48,0,50.79,3.29,219.7188636,7.057,23.26,0.1
31,2012-02-03,1391479.91,0,55.83,3.36,219.8118854,7.057,23.28,0.4
31,2012-02-10,1527688.58,1,46.52,3.409,219.9049073,7.057,23.28,0.4
31,2012-02-17,1570813.52,0,45.03,3.51,220.0651993,7.057,23.28,0.4
31,2012-02-24,1392543.37,0,54.81,3.555,220.275944,7.057,23.28,0.4
31,2012-03-02,1427881.22,0,59.3,3.63,220.4866886,7.057,23.36,1.1
31,2012-03-09,1439034.86,0,57.16,3.669,220.6974332,7.057,23.36,1.1
31,2012-03-16,1481728.13,0,63.39,3.734,220.8498468,7.057,23.36,1.1
31,2012-03-23,1365824.97,0,62.96,3.787,220.9244858,7.057,23.36,1.1
31,2012-03-30,1318854.22,0,67.87,3.845,220.9991248,7.057,23.36,1.1
31,2012-04-06,1496169.81,0,69.02,3.891,221.0737638,6.891,23.39,0.8
31,2012-04-13,1407842.91,0,69.03,3.891,221.1484028,6.891,23.39,0.8
31,2012-04-20,1407036.59,0,66.97,3.877,221.2021074,6.891,23.39,0.8
31,2012-04-27,1311352.25,0,69.21,3.814,221.255812,6.891,23.39,0.8
31,2012-05-04,1391257.28,0,77.53,3.749,221.3095166,6.891,23.41,0.1
31,2012-05-11,1392938.06,0,74.14,3.688,221.3632212,6.891,23.41,0.1
31,2012-05-18,1441473.82,0,72.42,3.63,221.380331,6.891,23.41,0.1
31,2012-05-25,1397094.26,0,79.49,3.561,221.3828029,6.891,23.41,0.1
31,2012-06-01,1404516.29,0,79.24,3.501,221.3852748,6.891,23.46,-0.2
31,2012-06-08,1443285.79,0,79.47,3.452,221.3877467,6.891,23.46,-0.2
31,2012-06-15,1431003.43,0,81.51,3.393,221.4009901,6.891,23.46,-0.2
31,2012-06-22,1394065.76,0,81.78,3.346,221.4411622,6.891,23.46,-0.2
31,2012-06-29,1349202.25,0,88.05,3.286,221.4813343,6.891,23.46,-0.2
31,2012-07-06,1458059.42,0,85.26,3.227,221.5215064,6.565,23.49,-0.5
31,2012-07-13,1374301.34,0,82.51,3.256,221.5616784,6.565,23.49,-0.5
31,2012-07-20,1392395.2,0,84.25,3.311,221.5701123,6.565,23.49,-0.5
31,2012-07-27,1303732.36,0,88.09,3.407,221.5785461,6.565,23.49,-0.5
31,2012-08-03,1390174.63,0,91.57,3.417,221.5869799,6.565,23.48,0.8
31,2012-08-10,1386472.59,0,89.57,3.494,221.5954138,6.565,23.48,0.8
31,2012-08-17,1410181.7,0,85.55,3.571,221.6751459,6.565,23.48,0.8
31,2012-08-24,1379783.21,0,77.72,3.62,221.8083518,6.565,23.48,0.8
31,2012-08-31,1373651.49,0,83.58,3.638,221.9415576,6.565,23.48,0.8
31,2012-09-07,1358111.62,1,88.4,3.73,222.0747635,6.565,23.57,0.9
31,2012-09-14,1327705.44,0,76.1,3.717,222.2174395,6.565,23.57,0.9
31,2012-09-21,1373064.87,0,71.54,3.721,222.4169362,6.565,23.57,0.9
31,2012-09-28,1279080.58,0,80.38,3.666,222.6164329,6.565,23.57,0.9
31,2012-10-05,1363365.05,0,70.28,3.617,222.8159296,6.17,23.5,1.1
31,2012-10-12,1401113.42,0,61.53,3.601,223.0154263,6.17,23.5,1.1
31,2012-10-19,1378730.45,0,68.52,3.594,223.0598077,6.17,23.5,1.1
31,2012-10-26,1340232.55,0,70.5,3.506,223.0783366,6.17,23.5,1.1
32,2010-02-05,1087616.19,0,34.43,2.58,189.3816974,9.014,22.46,0.5
32,2010-02-12,1123566.12,1,28.09,2.572,189.4642725,9.014,22.46,0.5
32,2010-02-19,1082559.06,0,29.16,2.55,189.5340998,9.014,22.46,0.5
32,2010-02-26,1053247.1,0,26.64,2.586,189.6018023,9.014,22.46,0.5
32,2010-03-05,1066566.74,0,37.72,2.62,189.6695049,9.014,22.46,0.3
32,2010-03-12,1093319.37,0,39.88,2.684,189.7372075,9.014,22.46,0.3
32,2010-03-19,1059781.78,0,42.43,2.692,189.734262,9.014,22.46,0.3
32,2010-03-26,1076021.58,0,36.59,2.717,189.7195417,9.014,22.46,0.3
32,2010-04-02,1131732.94,0,48.28,2.725,189.7048215,8.963,22.49,1.6
32,2010-04-09,1095889.22,0,44.88,2.75,189.6901012,8.963,22.49,1.6
32,2010-04-16,1082763.27,0,53.49,2.765,189.6628845,8.963,22.49,1.6
32,2010-04-23,1072474.8,0,50.06,2.776,189.6190057,8.963,22.49,1.6
32,2010-04-30,1066792.63,0,47.51,2.766,189.575127,8.963,22.49,1.6
32,2010-05-07,1133657.58,0,48.94,2.771,189.5312483,8.963,22.51,0.4
32,2010-05-14,1079314.52,0,46.42,2.788,189.4904116,8.963,22.51,0.4
32,2010-05-21,1143819.35,0,55.89,2.776,189.467827,8.963,22.51,0.4
32,2010-05-28,1205662.85,0,64.69,2.737,189.4452425,8.963,22.51,0.4
32,2010-06-04,1149234.96,0,66.69,2.7,189.422658,8.963,22.53,-1.2
32,2010-06-11,1192074.09,0,70.86,2.684,189.4000734,8.963,22.53,-1.2
32,2010-06-18,1150191.72,0,60.94,2.674,189.4185259,8.963,22.53,-1.2
32,2010-06-25,1124763.74,0,72.42,2.715,189.4533931,8.963,22.53,-1.2
32,2010-07-02,1187988.64,0,74.74,2.728,189.4882603,9.017,22.59,-0.5
32,2010-07-09,1077253.67,0,67.55,2.711,189.5231276,9.017,22.59,-0.5
32,2010-07-16,1120172.24,0,76.2,2.699,189.6125456,9.017,22.59,-0.5
32,2010-07-23,1109574.11,0,75.69,2.691,189.774698,9.017,22.59,-0.5
32,2010-07-30,1065350.56,0,75.62,2.69,189.9368504,9.017,22.59,-0.5
32,2010-08-06,1144552.09,0,72.95,2.69,190.0990028,9.017,22.62,0.4
32,2010-08-13,1157975.68,0,74.97,2.723,190.2611552,9.017,22.62,0.4
32,2010-08-20,1189887.86,0,71.46,2.732,190.2948237,9.017,22.62,0.4
32,2010-08-27,1140501.03,0,74.95,2.731,190.3284922,9.017,22.62,0.4
32,2010-09-03,1095932.51,0,70.2,2.773,190.3621607,9.017,22.67,0.4
32,2010-09-10,1028635.39,1,68.44,2.78,190.3958293,9.017,22.67,0.4
32,2010-09-17,1043962.36,0,67.17,2.8,190.4688287,9.017,22.67,0.4
32,2010-09-24,1067432.1,0,64.19,2.793,190.5713264,9.017,22.67,0.4
32,2010-10-01,1061089.56,0,66.14,2.759,190.6738241,9.137,22.73,0.6
32,2010-10-08,1085483.44,0,61.81,2.745,190.7763218,9.137,22.73,0.6
32,2010-10-15,1096692.88,0,52.96,2.762,190.8623087,9.137,22.73,0.6
32,2010-10-22,1102185.0,0,52.3,2.762,190.9070184,9.137,22.73,0.6
32,2010-10-29,1115138.51,0,45.45,2.748,190.951728,9.137,22.73,0.6
32,2010-11-05,1063056.21,0,49.2,2.729,190.9964377,9.137,22.73,1.2
32,2010-11-12,1141019.11,0,42.3,2.737,191.0411474,9.137,22.73,1.2
32,2010-11-19,1150729.89,0,36.24,2.758,191.0312172,9.137,22.73,1.2
32,2010-11-26,1634635.86,1,29.97,2.742,191.0121805,9.137,22.73,1.2
32,2010-12-03,1200892.56,0,35.18,2.712,190.9931437,9.137,22.76,0.8
32,2010-12-10,1377322.73,0,36.62,2.728,190.9741069,9.137,22.76,0.8
32,2010-12-17,1557776.1,0,36.07,2.778,191.0303376,9.137,22.76,0.8
32,2010-12-24,1949183.14,0,30.72,2.781,191.1430189,9.137,22.76,0.8
32,2010-12-31,955463.84,1,27.7,2.829,191.2557002,9.137,22.76,0.8
32,2011-01-07,1046416.17,0,23.78,2.882,191.3683815,8.818,22.87,0.6
32,2011-01-14,1028206.51,0,21.69,2.911,191.4784939,8.818,22.87,0.6
32,2011-01-21,1078348.91,0,34.54,2.973,191.5731924,8.818,22.87,0.6
32,2011-01-28,1006814.85,0,34.86,3.008,191.667891,8.818,22.87,0.6
32,2011-02-04,1070457.8,0,15.47,3.011,191.7625895,8.818,22.87,0.3
32,2011-02-11,1124357.2,1,18.51,3.037,191.8572881,8.818,22.87,0.3
32,2011-02-18,1183528.58,0,42.09,3.051,191.9178331,8.818,22.87,0.3
32,2011-02-25,1054754.67,0,33.0,3.101,191.9647167,8.818,22.87,0.3
32,2011-03-04,1106847.62,0,39.17,3.232,192.0116004,8.818,22.87,1.0
32,2011-03-11,1101458.21,0,36.51,3.372,192.058484,8.818,22.87,1.0
32,2011-03-18,1100765.5,0,45.25,3.406,192.1237981,8.818,22.87,1.0
32,2011-03-25,1068719.22,0,46.7,3.414,192.1964844,8.818,22.87,1.0
32,2011-04-01,1051121.02,0,44.83,3.461,192.2691707,8.595,22.91,0.4
32,2011-04-08,1102975.59,0,48.81,3.532,192.3418571,8.595,22.91,0.4
32,2011-04-15,1120508.14,0,45.97,3.611,192.4225954,8.595,22.91,0.4
32,2011-04-22,1210602.91,0,48.69,3.636,192.5234638,8.595,22.91,0.4
32,2011-04-29,1107494.55,0,44.86,3.663,192.6243322,8.595,22.91,0.4
32,2011-05-06,1181793.55,0,46.65,3.735,192.7252006,8.595,22.97,0.5
32,2011-05-13,1138162.76,0,56.09,3.767,192.826069,8.595,22.97,0.5
32,2011-05-20,1145084.76,0,45.71,3.828,192.831317,8.595,22.97,0.5
32,2011-05-27,1175447.49,0,55.13,3.795,192.8365651,8.595,22.97,0.5
32,2011-06-03,1167757.0,0,61.25,3.763,192.8418131,8.595,23.0,-0.2
32,2011-06-10,1239741.34,0,65.49,3.735,192.8470612,8.595,23.0,-0.2
32,2011-06-17,1192031.38,0,67.38,3.697,192.9034759,8.595,23.0,-0.2
32,2011-06-24,1163869.52,0,65.06,3.661,192.9982655,8.595,23.0,-0.2
32,2011-07-01,1199845.29,0,72.86,3.597,193.0930552,8.622,23.11,0.1
32,2011-07-08,1110244.52,0,72.56,3.54,193.1878448,8.622,23.11,0.1
32,2011-07-15,1144254.26,0,70.55,3.532,193.3125484,8.622,23.11,0.1
32,2011-07-22,1185674.48,0,76.0,3.545,193.5120367,8.622,23.11,0.1
32,2011-07-29,1169988.62,0,75.91,3.547,193.711525,8.622,23.11,0.1
32,2011-08-05,1201694.14,0,74.83,3.554,193.9110133,8.622,23.06,0.5
32,2011-08-12,1206795.74,0,74.2,3.542,194.1105017,8.622,23.06,0.5
32,2011-08-19,1221318.17,0,73.72,3.499,194.2500634,8.622,23.06,0.5
32,2011-08-26,1183740.91,0,75.64,3.485,194.3796374,8.622,23.06,0.5
32,2011-09-02,1152117.5,0,74.6,3.511,194.5092113,8.622,23.11,0.0
32,2011-09-09,1128237.3,1,61.24,3.566,194.6387853,8.622,23.11,0.0
32,2011-09-16,1142499.25,0,60.88,3.596,194.7419707,8.622,23.11,0.0
32,2011-09-23,1116140.29,0,58.66,3.581,194.8099713,8.622,23.11,0.0
32,2011-09-30,1088943.98,0,65.04,3.538,194.8779718,8.622,23.11,0.0
32,2011-10-07,1149448.02,0,62.62,3.498,194.9459724,8.513,23.18,1.1
32,2011-10-14,1175420.26,0,50.15,3.491,195.0261012,8.513,23.18,1.1
32,2011-10-21,1151258.74,0,48.87,3.548,195.1789994,8.513,23.18,1.1
32,2011-10-28,1185391.96,0,42.76,3.55,195.3318977,8.513,23.18,1.1
32,2011-11-04,1204628.28,0,37.95,3.527,195.4847959,8.513,23.19,0.5
32,2011-11-11,1182733.0,0,38.1,3.505,195.6376941,8.513,23.19,0.5
32,2011-11-18,1181651.55,0,42.61,3.479,195.7184713,8.513,23.19,0.5
32,2011-11-25,1684468.66,1,40.22,3.424,195.7704,8.513,23.19,0.5
32,2011-12-02,1179773.88,0,33.8,3.378,195.8223287,8.513,23.22,0.2
32,2011-12-09,1415746.91,0,17.94,3.331,195.8742575,8.513,23.22,0.2
32,2011-12-16,1556017.91,0,26.23,3.266,195.9841685,8.513,23.22,0.2
32,2011-12-23,1959526.96,0,25.97,3.173,196.1713893,8.513,23.22,0.2
32,2011-12-30,1102367.65,1,32.99,3.119,196.3586101,8.513,23.22,0.2
32,2012-01-06,1099937.25,0,36.75,3.095,196.5458309,8.256,23.26,0.1
32,2012-01-13,1071598.36,0,28.99,3.077,196.7330517,8.256,23.26,0.1
32,2012-01-20,1080012.04,0,36.86,3.055,196.7796652,8.256,23.26,0.1
32,2012-01-27,1051864.6,0,36.67,3.038,196.8262786,8.256,23.26,0.1
32,2012-02-03,1156826.31,0,35.89,3.031,196.8728921,8.256,23.28,0.4
32,2012-02-10,1129422.86,1,23.34,3.103,196.9195056,8.256,23.28,0.4
32,2012-02-17,1243812.59,0,24.26,3.113,196.9432711,8.256,23.28,0.4
32,2012-02-24,1091822.72,0,33.41,3.129,196.9499007,8.256,23.28,0.4
32,2012-03-02,1153332.89,0,33.4,3.191,196.9565303,8.256,23.36,1.1
32,2012-03-09,1124537.97,0,39.9,3.286,196.9631599,8.256,23.36,1.1
32,2012-03-16,1138101.18,0,51.51,3.486,197.0457208,8.256,23.36,1.1
32,2012-03-23,1146632.46,0,47.64,3.664,197.2295234,8.256,23.36,1.1
32,2012-03-30,1108686.87,0,56.09,3.75,197.4133259,8.256,23.36,1.1
32,2012-04-06,1270577.01,0,51.49,3.854,197.5971285,8.09,23.39,0.8
32,2012-04-13,1171834.47,0,52.1,3.901,197.780931,8.09,23.39,0.8
32,2012-04-20,1121405.91,0,49.15,3.936,197.7227385,8.09,23.39,0.8
32,2012-04-27,1126962.44,0,61.76,3.927,197.664546,8.09,23.39,0.8
32,2012-05-04,1187384.53,0,58.29,3.903,197.6063534,8.09,23.41,0.1
32,2012-05-11,1187051.07,0,55.4,3.87,197.5481609,8.09,23.41,0.1
32,2012-05-18,1177539.71,0,57.46,3.837,197.5553137,8.09,23.41,0.1
32,2012-05-25,1232784.22,0,59.74,3.804,197.5886046,8.09,23.41,0.1
32,2012-06-01,1157557.79,0,62.84,3.764,197.6218954,8.09,23.46,-0.2
32,2012-06-08,1246322.44,0,71.14,3.741,197.6551863,8.09,23.46,-0.2
32,2012-06-15,1234759.54,0,70.91,3.723,197.692292,8.09,23.46,-0.2
32,2012-06-22,1196880.11,0,74.85,3.735,197.7389345,8.09,23.46,-0.2
32,2012-06-29,1178211.81,0,81.95,3.693,197.785577,8.09,23.46,-0.2
32,2012-07-06,1214183.97,0,78.68,3.646,197.8322195,7.872,23.49,-0.5
32,2012-07-13,1141184.66,0,71.57,3.613,197.8788621,7.872,23.49,-0.5
32,2012-07-20,1167829.33,0,77.76,3.585,197.9290378,7.872,23.49,-0.5
32,2012-07-27,1144901.52,0,77.56,3.57,197.9792136,7.872,23.49,-0.5
32,2012-08-03,1183571.35,0,75.09,3.528,198.0293893,7.872,23.48,0.8
32,2012-08-10,1227469.2,0,75.93,3.509,198.0795651,7.872,23.48,0.8
32,2012-08-17,1261306.37,0,70.75,3.545,198.1001057,7.872,23.48,0.8
32,2012-08-24,1272809.11,0,70.12,3.558,198.0984199,7.872,23.48,0.8
32,2012-08-31,1183979.27,0,76.12,3.556,198.0967341,7.872,23.48,0.8
32,2012-09-07,1126685.95,1,72.56,3.596,198.0950484,7.872,23.57,0.9
32,2012-09-14,1156377.47,0,64.05,3.659,198.1267184,7.872,23.57,0.9
32,2012-09-21,1159119.6,0,63.49,3.765,198.358523,7.872,23.57,0.9
32,2012-09-28,1157111.15,0,60.62,3.789,198.5903276,7.872,23.57,0.9
32,2012-10-05,1202775.24,0,55.34,3.779,198.8221322,7.557,23.5,1.1
32,2012-10-12,1176681.31,0,43.49,3.76,199.0539368,7.557,23.5,1.1
32,2012-10-19,1199292.06,0,53.57,3.75,199.1481963,7.557,23.5,1.1
32,2012-10-26,1219979.29,0,47.22,3.686,199.2195317,7.557,23.5,1.1
34,2010-02-05,956228.96,0,35.44,2.598,126.4420645,9.521,22.46,0.5
34,2010-02-12,994610.99,1,36.13,2.573,126.4962581,9.521,22.46,0.5
34,2010-02-19,983963.07,0,38.36,2.54,126.5262857,9.521,22.46,0.5
34,2010-02-26,905756.13,0,37.28,2.59,126.5522857,9.521,22.46,0.5
34,2010-03-05,918295.79,0,42.65,2.654,126.5782857,9.521,22.46,0.3
34,2010-03-12,921247.88,0,42.26,2.704,126.6042857,9.521,22.46,0.3
34,2010-03-19,892070.82,0,45.86,2.743,126.6066452,9.521,22.46,0.3
34,2010-03-26,880742.35,0,42.91,2.752,126.6050645,9.521,22.46,0.3
34,2010-04-02,979428.66,0,50.07,2.74,126.6034839,9.593,22.49,1.6
34,2010-04-09,950684.2,0,51.26,2.773,126.6019032,9.593,22.49,1.6
34,2010-04-16,923344.54,0,59.18,2.81,126.5621,9.593,22.49,1.6
34,2010-04-23,910240.68,0,55.04,2.805,126.4713333,9.593,22.49,1.6
34,2010-04-30,859922.19,0,56.58,2.787,126.3805667,9.593,22.49,1.6
34,2010-05-07,953495.48,0,57.39,2.836,126.2898,9.593,22.51,0.4
34,2010-05-14,933924.44,0,60.74,2.845,126.2085484,9.593,22.51,0.4
34,2010-05-21,913616.32,0,63.99,2.82,126.1843871,9.593,22.51,0.4
34,2010-05-28,942868.38,0,68.68,2.756,126.1602258,9.593,22.51,0.4
34,2010-06-04,966187.51,0,72.17,2.701,126.1360645,9.593,22.53,-1.2
34,2010-06-11,954681.56,0,80.84,2.668,126.1119032,9.593,22.53,-1.2
34,2010-06-18,941612.04,0,73.48,2.635,126.114,9.593,22.53,-1.2
34,2010-06-25,895800.07,0,78.47,2.654,126.1266,9.593,22.53,-1.2
34,2010-07-02,919229.36,0,73.66,2.668,126.1392,9.816,22.59,-0.5
34,2010-07-09,911210.81,0,75.0,2.637,126.1518,9.816,22.59,-0.5
34,2010-07-16,930269.79,0,78.53,2.621,126.1498065,9.816,22.59,-0.5
34,2010-07-23,902050.95,0,79.58,2.612,126.1283548,9.816,22.59,-0.5
34,2010-07-30,875976.83,0,72.26,2.65,126.1069032,9.816,22.59,-0.5
34,2010-08-06,987435.35,0,73.8,2.64,126.0854516,9.816,22.62,0.4
34,2010-08-13,951208.65,0,76.72,2.698,126.064,9.816,22.62,0.4
34,2010-08-20,985152.94,0,76.45,2.671,126.0766452,9.816,22.62,0.4
34,2010-08-27,855421.39,0,72.87,2.621,126.0892903,9.816,22.62,0.4
34,2010-09-03,964356.74,0,72.59,2.584,126.1019355,9.816,22.67,0.4
34,2010-09-10,932240.96,1,72.61,2.574,126.1145806,9.816,22.67,0.4
34,2010-09-17,885445.47,0,70.71,2.594,126.1454667,9.816,22.67,0.4
34,2010-09-24,867539.07,0,69.78,2.642,126.1900333,9.816,22.67,0.4
34,2010-10-01,865709.11,0,70.13,2.619,126.2346,10.21,22.73,0.6
34,2010-10-08,931710.67,0,65.21,2.645,126.2791667,10.21,22.73,0.6
34,2010-10-15,888703.62,0,59.57,2.732,126.3266774,10.21,22.73,0.6
34,2010-10-22,936293.6,0,58.11,2.736,126.3815484,10.21,22.73,0.6
34,2010-10-29,926294.02,0,50.78,2.718,126.4364194,10.21,22.73,0.6
34,2010-11-05,972292.31,0,52.43,2.699,126.4912903,10.21,22.73,1.2
34,2010-11-12,979730.78,0,47.2,2.741,126.5461613,10.21,22.73,1.2
34,2010-11-19,955766.33,0,40.93,2.78,126.6072,10.21,22.73,1.2
34,2010-11-26,1309476.68,1,41.13,2.752,126.6692667,10.21,22.73,1.2
34,2010-12-03,1001512.21,0,34.7,2.727,126.7313333,10.21,22.76,0.8
34,2010-12-10,1086661.02,0,41.93,2.86,126.7934,10.21,22.76,0.8
34,2010-12-17,1227148.13,0,42.64,2.884,126.8794839,10.21,22.76,0.8
34,2010-12-24,1620748.25,0,42.74,2.887,126.9835806,10.21,22.76,0.8
34,2010-12-31,902109.69,1,34.11,2.955,127.0876774,10.21,22.76,0.8
34,2011-01-07,900646.94,0,24.5,2.98,127.1917742,10.398,22.87,0.6
34,2011-01-14,898610.33,0,30.75,2.992,127.3009355,10.398,22.87,0.6
34,2011-01-21,891025.39,0,39.57,3.017,127.4404839,10.398,22.87,0.6
34,2011-01-28,836717.75,0,34.68,3.022,127.5800323,10.398,22.87,0.6
34,2011-02-04,971932.87,0,23.82,2.996,127.7195806,10.398,22.87,0.3
34,2011-02-11,1015654.6,1,28.66,3.033,127.859129,10.398,22.87,0.3
34,2011-02-18,1062629.3,0,45.12,3.058,127.99525,10.398,22.87,0.3
34,2011-02-25,953331.45,0,44.57,3.087,128.13,10.398,22.87,0.3
34,2011-03-04,963910.81,0,46.21,3.305,128.26475,10.398,22.87,1.0
34,2011-03-11,943951.67,0,45.87,3.461,128.3995,10.398,22.87,1.0
34,2011-03-18,1014218.8,0,55.58,3.495,128.5121935,10.398,22.87,1.0
34,2011-03-25,922898.38,0,53.11,3.48,128.6160645,10.398,22.87,1.0
34,2011-04-01,884233.67,0,55.46,3.521,128.7199355,10.581,22.91,0.4
34,2011-04-08,975479.83,0,58.59,3.605,128.8238065,10.581,22.91,0.4
34,2011-04-15,941829.0,0,53.3,3.724,128.9107333,10.581,22.91,0.4
34,2011-04-22,1051518.45,0,63.83,3.781,128.9553,10.581,22.91,0.4
34,2011-04-29,895973.02,0,57.73,3.781,128.9998667,10.581,22.91,0.4
34,2011-05-06,965853.58,0,54.4,3.866,129.0444333,10.581,22.97,0.5
34,2011-05-13,966232.69,0,63.05,3.872,129.089,10.581,22.97,0.5
34,2011-05-20,945018.83,0,61.47,3.881,129.0756774,10.581,22.97,0.5
34,2011-05-27,941311.83,0,65.99,3.771,129.0623548,10.581,22.97,0.5
34,2011-06-03,947229.24,0,74.64,3.683,129.0490323,10.581,23.0,-0.2
34,2011-06-10,943912.77,0,74.57,3.64,129.0357097,10.581,23.0,-0.2
34,2011-06-17,968258.09,0,76.58,3.618,129.0432,10.581,23.0,-0.2
34,2011-06-24,923795.04,0,77.16,3.57,129.0663,10.581,23.0,-0.2
34,2011-07-01,911106.22,0,81.96,3.504,129.0894,10.641,23.11,0.1
34,2011-07-08,926934.57,0,80.84,3.469,129.1125,10.641,23.11,0.1
34,2011-07-15,903882.96,0,78.09,3.563,129.1338387,10.641,23.11,0.1
34,2011-07-22,913236.62,0,80.75,3.627,129.1507742,10.641,23.11,0.1
34,2011-07-29,851461.9,0,78.04,3.659,129.1677097,10.641,23.11,0.1
34,2011-08-05,942236.45,0,76.71,3.662,129.1846452,10.641,23.06,0.5
34,2011-08-12,956251.18,0,80.23,3.617,129.2015806,10.641,23.06,0.5
34,2011-08-19,960418.54,0,77.08,3.55,129.2405806,10.641,23.06,0.5
34,2011-08-26,871404.6,0,77.27,3.523,129.2832581,10.641,23.06,0.5
34,2011-09-02,926455.64,0,78.24,3.533,129.3259355,10.641,23.11,0.0
34,2011-09-09,930506.14,1,70.05,3.554,129.3686129,10.641,23.11,0.0
34,2011-09-16,927249.61,0,64.94,3.532,129.4306,10.641,23.11,0.0
34,2011-09-23,902852.73,0,66.23,3.473,129.5183333,10.641,23.11,0.0
34,2011-09-30,871847.85,0,69.44,3.371,129.6060667,10.641,23.11,0.0
34,2011-10-07,954069.45,0,60.42,3.299,129.6938,10.148,23.18,1.1
34,2011-10-14,911788.79,0,54.72,3.283,129.7706452,10.148,23.18,1.1
34,2011-10-21,953693.23,0,58.93,3.361,129.7821613,10.148,23.18,1.1
34,2011-10-28,958063.87,0,54.56,3.362,129.7936774,10.148,23.18,1.1
34,2011-11-04,992621.93,0,48.04,3.322,129.8051935,10.148,23.19,0.5
34,2011-11-11,991570.02,0,41.04,3.286,129.8167097,10.148,23.19,0.5
34,2011-11-18,947552.44,0,46.0,3.294,129.8268333,10.148,23.19,0.5
34,2011-11-25,1345595.82,1,45.99,3.225,129.8364,10.148,23.19,0.5
34,2011-12-02,988742.08,0,39.75,3.176,129.8459667,10.148,23.22,0.2
34,2011-12-09,1084243.91,0,24.69,3.153,129.8555333,10.148,23.22,0.2
34,2011-12-16,1151052.86,0,32.31,3.149,129.8980645,10.148,23.22,0.2
34,2011-12-23,1593655.96,0,32.45,3.103,129.9845484,10.148,23.22,0.2
34,2011-12-30,965512.36,1,28.84,3.119,130.0710323,10.148,23.22,0.2
34,2012-01-06,953844.85,0,36.39,3.158,130.1575161,9.653,23.26,0.1
34,2012-01-13,913755.12,0,33.99,3.263,130.244,9.653,23.26,0.1
34,2012-01-20,910899.05,0,39.28,3.273,130.2792258,9.653,23.26,0.1
34,2012-01-27,872450.37,0,39.81,3.29,130.3144516,9.653,23.26,0.1
34,2012-02-03,939367.14,0,38.64,3.354,130.3496774,9.653,23.28,0.4
34,2012-02-10,1047658.09,1,36.7,3.411,130.3849032,9.653,23.28,0.4
34,2012-02-17,1123446.51,0,37.25,3.493,130.4546207,9.653,23.28,0.4
34,2012-02-24,950154.24,0,39.89,3.541,130.5502069,9.653,23.28,0.4
34,2012-03-02,990263.7,0,42.74,3.619,130.6457931,9.653,23.36,1.1
34,2012-03-09,976393.43,0,42.7,3.667,130.7413793,9.653,23.36,1.1
34,2012-03-16,999298.43,0,48.09,3.707,130.8261935,9.653,23.36,1.1
34,2012-03-23,945143.33,0,47.93,3.759,130.8966452,9.653,23.36,1.1
34,2012-03-30,938861.77,0,59.29,3.82,130.9670968,9.653,23.36,1.1
34,2012-04-06,1091020.37,0,54.42,3.864,131.0375484,9.575,23.39,0.8
34,2012-04-13,987353.65,0,59.12,3.881,131.108,9.575,23.39,0.8
34,2012-04-20,977628.78,0,55.34,3.864,131.1173333,9.575,23.39,0.8
34,2012-04-27,940299.87,0,66.49,3.81,131.1266667,9.575,23.39,0.8
34,2012-05-04,991104.4,0,65.04,3.747,131.136,9.575,23.41,0.1
34,2012-05-11,949625.52,0,61.92,3.685,131.1453333,9.575,23.41,0.1
34,2012-05-18,998672.85,0,64.97,3.62,131.0983226,9.575,23.41,0.1
34,2012-05-25,1015737.61,0,72.42,3.551,131.0287742,9.575,23.41,0.1
34,2012-06-01,977062.44,0,70.41,3.483,130.9592258,9.575,23.46,-0.2
34,2012-06-08,999511.29,0,75.35,3.433,130.8896774,9.575,23.46,-0.2
34,2012-06-15,982345.51,0,76.48,3.372,130.8295333,9.575,23.46,-0.2
34,2012-06-22,1000285.1,0,78.85,3.329,130.7929,9.575,23.46,-0.2
34,2012-06-29,942970.63,0,81.91,3.257,130.7562667,9.575,23.46,-0.2
34,2012-07-06,1007867.68,0,77.95,3.187,130.7196333,9.285,23.49,-0.5
34,2012-07-13,954677.75,0,74.02,3.224,130.683,9.285,23.49,-0.5
34,2012-07-20,950929.59,0,77.7,3.263,130.7012903,9.285,23.49,-0.5
34,2012-07-27,917883.79,0,77.3,3.356,130.7195806,9.285,23.49,-0.5
34,2012-08-03,973250.41,0,78.93,3.374,130.737871,9.285,23.48,0.8
34,2012-08-10,1004523.59,0,78.26,3.476,130.7561613,9.285,23.48,0.8
34,2012-08-17,1013820.86,0,77.78,3.552,130.7909677,9.285,23.48,0.8
34,2012-08-24,926250.21,0,72.44,3.61,130.8381613,9.285,23.48,0.8
34,2012-08-31,933487.71,0,75.89,3.646,130.8853548,9.285,23.48,0.8
34,2012-09-07,976415.56,1,78.26,3.709,130.9325484,9.285,23.57,0.9
34,2012-09-14,955211.7,0,64.28,3.706,130.9776667,9.285,23.57,0.9
34,2012-09-21,943047.78,0,66.08,3.721,131.0103333,9.285,23.57,0.9
34,2012-09-28,928629.31,0,67.06,3.666,131.043,9.285,23.57,0.9
34,2012-10-05,968896.68,0,65.41,3.62,131.0756667,8.839,23.5,1.1
34,2012-10-12,948613.39,0,59.94,3.603,131.1083333,8.839,23.5,1.1
34,2012-10-19,963516.28,0,58.47,3.61,131.1499677,8.839,23.5,1.1
34,2012-10-26,956987.81,0,57.95,3.514,131.1930968,8.839,23.5,1.1
37,2010-02-05,536006.73,0,45.97,2.572,209.8529663,8.554,22.46,0.5
37,2010-02-12,529852.7,1,46.11,2.548,209.9970208,8.554,22.46,0.5
37,2010-02-19,510382.5,0,45.66,2.514,210.0451024,8.554,22.46,0.5
37,2010-02-26,513615.82,0,50.87,2.561,210.0771885,8.554,22.46,0.5
37,2010-03-05,519255.68,0,51.33,2.625,210.1092746,8.554,22.46,0.3
37,2010-03-12,513015.35,0,61.96,2.667,210.1413607,8.554,22.46,0.3
37,2010-03-19,460020.74,0,59.56,2.72,209.9803208,8.554,22.46,0.3
37,2010-03-26,515777.97,0,55.76,2.732,209.7870932,8.554,22.46,0.3
37,2010-04-02,540189.7,0,63.43,2.719,209.5938656,8.464,22.49,1.6
37,2010-04-09,513327.55,0,68.54,2.77,209.400638,8.464,22.49,1.6
37,2010-04-16,524544.83,0,66.74,2.808,209.2691428,8.464,22.49,1.6
37,2010-04-23,527019.78,0,68.03,2.795,209.2199574,8.464,22.49,1.6
37,2010-04-30,517850.83,0,70.9,2.78,209.170772,8.464,22.49,1.6
37,2010-05-07,543234.77,0,75.56,2.835,209.1215867,8.464,22.51,0.4
37,2010-05-14,505196.08,0,77.53,2.854,209.118536,8.464,22.51,0.4
37,2010-05-21,510494.7,0,77.34,2.826,209.3922937,8.464,22.51,0.4
37,2010-05-28,532241.22,0,80.87,2.759,209.6660514,8.464,22.51,0.4
37,2010-06-04,479195.02,0,79.93,2.705,209.9398091,8.464,22.53,-1.2
37,2010-06-11,481915.11,0,82.3,2.668,210.2135668,8.464,22.53,-1.2
37,2010-06-18,505761.62,0,84.37,2.637,210.2108417,8.464,22.53,-1.2
37,2010-06-25,485419.39,0,84.14,2.653,210.0975233,8.464,22.53,-1.2
37,2010-07-02,498292.53,0,81.85,2.669,209.984205,8.36,22.59,-0.5
37,2010-07-09,502456.04,0,81.74,2.642,209.8708867,8.36,22.59,-0.5
37,2010-07-16,485150.01,0,84.43,2.623,209.8630532,8.36,22.59,-0.5
37,2010-07-23,491998.12,0,82.6,2.608,209.9958663,8.36,22.59,-0.5
37,2010-07-30,487912.95,0,81.88,2.64,210.1286794,8.36,22.59,-0.5
37,2010-08-06,508576.62,0,85.49,2.627,210.2614925,8.36,22.62,0.4
37,2010-08-13,491815.83,0,86.06,2.692,210.3943056,8.36,22.62,0.4
37,2010-08-20,486930.72,0,85.54,2.664,210.3617581,8.36,22.62,0.4
37,2010-08-27,512157.25,0,84.62,2.619,210.3292106,8.36,22.62,0.4
37,2010-09-03,510427.53,0,82.29,2.577,210.2966631,8.36,22.67,0.4
37,2010-09-10,510296.07,1,80.58,2.565,210.2641156,8.36,22.67,0.4
37,2010-09-17,501251.4,0,82.1,2.582,210.2924504,8.36,22.67,0.4
37,2010-09-24,494265.48,0,79.17,2.624,210.3664469,8.36,22.67,0.4
37,2010-10-01,529877.93,0,74.66,2.603,210.4404433,8.476,22.73,0.6
37,2010-10-08,524483.65,0,66.34,2.633,210.5144398,8.476,22.73,0.6
37,2010-10-15,498925.86,0,71.57,2.72,210.5805944,8.476,22.73,0.6
37,2010-10-22,510425.4,0,72.24,2.725,210.6271444,8.476,22.73,0.6
37,2010-10-29,514485.9,0,76.22,2.716,210.6736944,8.476,22.73,0.6
37,2010-11-05,539683.42,0,62.72,2.689,210.7202444,8.476,22.73,1.2
37,2010-11-12,517546.69,0,61.97,2.728,210.7667944,8.476,22.73,1.2
37,2010-11-19,518124.16,0,56.73,2.771,210.65429,8.476,22.73,1.2
37,2010-11-26,518220.72,1,67.73,2.735,210.5152765,8.476,22.73,1.2
37,2010-12-03,508213.14,0,54.44,2.708,210.376263,8.476,22.76,0.8
37,2010-12-10,511207.52,0,51.83,2.843,210.2372494,8.476,22.76,0.8
37,2010-12-17,534285.21,0,56.73,2.869,210.1787224,8.476,22.76,0.8
37,2010-12-24,576809.92,0,59.1,2.886,210.1805602,8.476,22.76,0.8
37,2010-12-31,460331.7,1,52.88,2.943,210.182398,8.476,22.76,0.8
37,2011-01-07,542464.02,0,54.11,2.976,210.1842358,8.395,22.87,0.6
37,2011-01-14,525616.9,0,42.87,2.983,210.2379731,8.395,22.87,0.6
37,2011-01-21,526486.82,0,51.18,3.016,210.6031072,8.395,22.87,0.6
37,2011-01-28,513672.36,0,48.74,3.01,210.9682412,8.395,22.87,0.6
37,2011-02-04,583835.18,0,46.68,2.989,211.3333753,8.395,22.87,0.3
37,2011-02-11,522514.32,1,41.16,3.022,211.6985093,8.395,22.87,0.3
37,2011-02-18,536840.69,0,57.48,3.045,212.0063522,8.395,22.87,0.3
37,2011-02-25,514758.19,0,67.73,3.065,212.2912786,8.395,22.87,0.3
37,2011-03-04,527572.25,0,64.55,3.288,212.576205,8.395,22.87,1.0
37,2011-03-11,505610.4,0,59.15,3.459,212.8611313,8.395,22.87,1.0
37,2011-03-18,478503.06,0,64.9,3.488,213.1096787,8.395,22.87,1.0
37,2011-03-25,522105.93,0,71.07,3.473,213.3436744,8.395,22.87,1.0
37,2011-04-01,534578.78,0,67.31,3.524,213.5776701,8.3,22.91,0.4
37,2011-04-08,543703.16,0,69.39,3.622,213.8116658,8.3,22.91,0.4
37,2011-04-15,543775.87,0,73.25,3.743,214.026217,8.3,22.91,0.4
37,2011-04-22,526434.37,0,74.57,3.807,214.1921572,8.3,22.91,0.4
37,2011-04-29,502918.18,0,76.1,3.81,214.3580974,8.3,22.91,0.4
37,2011-05-06,547513.3,0,69.56,3.906,214.5240376,8.3,22.97,0.5
37,2011-05-13,511871.63,0,76.73,3.899,214.6899778,8.3,22.97,0.5
37,2011-05-20,533564.42,0,73.02,3.907,214.465412,8.3,22.97,0.5
37,2011-05-27,507086.75,0,81.28,3.786,214.2408462,8.3,22.97,0.5
37,2011-06-03,500381.23,0,82.96,3.699,214.0162805,8.3,23.0,-0.2
37,2011-06-10,509647.25,0,82.41,3.648,213.7917147,8.3,23.0,-0.2
37,2011-06-17,525132.36,0,84.43,3.637,213.7481256,8.3,23.0,-0.2
37,2011-06-24,509276.22,0,83.95,3.594,213.8402689,8.3,23.0,-0.2
37,2011-07-01,517021.3,0,85.33,3.524,213.9324122,8.177,23.11,0.1
37,2011-07-08,489059.93,0,84.71,3.48,214.0245556,8.177,23.11,0.1
37,2011-07-15,498749.62,0,85.63,3.575,214.1083654,8.177,23.11,0.1
37,2011-07-22,505543.53,0,83.31,3.651,214.1713416,8.177,23.11,0.1
37,2011-07-29,504974.95,0,84.99,3.682,214.2343177,8.177,23.11,0.1
37,2011-08-05,510787.46,0,86.71,3.684,214.2972939,8.177,23.06,0.5
37,2011-08-12,502504.39,0,87.64,3.638,214.3602701,8.177,23.06,0.5
37,2011-08-19,506897.98,0,87.24,3.554,214.4239935,8.177,23.06,0.5
37,2011-08-26,527947.21,0,86.02,3.523,214.4878416,8.177,23.06,0.5
37,2011-09-02,530367.83,0,87.5,3.533,214.5516896,8.177,23.11,0.0
37,2011-09-09,506273.74,1,77.94,3.546,214.6155376,8.177,23.11,0.0
37,2011-09-16,513341.94,0,82.06,3.526,214.7934111,8.177,23.11,0.0
37,2011-09-23,516556.94,0,78.35,3.467,215.1233185,8.177,23.11,0.0
37,2011-09-30,516402.1,0,81.52,3.355,215.4532259,8.177,23.11,0.0
37,2011-10-07,522816.85,0,71.2,3.285,215.7831333,7.716,23.18,1.1
37,2011-10-14,513636.01,0,74.16,3.274,216.0885258,7.716,23.18,1.1
37,2011-10-21,522784.33,0,67.89,3.353,216.2468287,7.716,23.18,1.1
37,2011-10-28,517355.44,0,71.31,3.372,216.4051315,7.716,23.18,1.1
37,2011-11-04,555925.6,0,58.97,3.332,216.5634344,7.716,23.19,0.5
37,2011-11-11,501268.78,0,63.5,3.297,216.7217373,7.716,23.19,0.5
37,2011-11-18,527495.09,0,66.28,3.308,216.9395861,7.716,23.19,0.5
37,2011-11-25,522554.04,1,66.41,3.236,217.1812533,7.716,23.19,0.5
37,2011-12-02,527117.81,0,53.57,3.172,217.4229206,7.716,23.22,0.2
37,2011-12-09,537224.52,0,50.64,3.158,217.6645878,7.716,23.22,0.2
37,2011-12-16,533905.67,0,58.31,3.159,217.8781339,7.716,23.22,0.2
37,2011-12-23,605791.46,0,55.41,3.112,218.0541851,7.716,23.22,0.2
37,2011-12-30,451327.61,1,48.26,3.129,218.2302364,7.716,23.22,0.2
37,2012-01-06,558343.57,0,57.18,3.157,218.4062876,7.244,23.26,0.1
37,2012-01-13,546221.4,0,56.28,3.261,218.5823389,7.244,23.26,0.1
37,2012-01-20,543894.07,0,58.9,3.268,218.6755292,7.244,23.26,0.1
37,2012-01-27,514116.58,0,62.73,3.29,218.7687195,7.244,23.26,0.1
37,2012-02-03,555424.24,0,61.33,3.36,218.8619099,7.244,23.28,0.4
37,2012-02-10,527041.46,1,54.49,3.409,218.9551002,7.244,23.28,0.4
37,2012-02-17,541071.29,0,54.38,3.51,219.1148297,7.244,23.28,0.4
37,2012-02-24,518696.89,0,62.21,3.555,219.3244636,7.244,23.28,0.4
37,2012-03-02,525559.17,0,64.54,3.63,219.5340975,7.244,23.36,1.1
37,2012-03-09,535937.25,0,63.19,3.669,219.7437314,7.244,23.36,1.1
37,2012-03-16,484588.34,0,67.48,3.734,219.8956335,7.244,23.36,1.1
37,2012-03-23,520887.23,0,69.18,3.787,219.9705599,7.244,23.36,1.1
37,2012-03-30,533734.94,0,70.48,3.845,220.0454862,7.244,23.36,1.1
37,2012-04-06,564848.78,0,73.95,3.891,220.1204125,6.989,23.39,0.8
37,2012-04-13,506973.17,0,72.54,3.891,220.1953389,6.989,23.39,0.8
37,2012-04-20,523483.19,0,70.87,3.877,220.2483937,6.989,23.39,0.8
37,2012-04-27,528807.45,0,70.06,3.814,220.3014485,6.989,23.39,0.8
37,2012-05-04,535311.64,0,77.17,3.749,220.3545033,6.989,23.41,0.1
37,2012-05-11,527983.04,0,76.55,3.688,220.4075581,6.989,23.41,0.1
37,2012-05-18,534847.96,0,73.7,3.63,220.4252149,6.989,23.41,0.1
37,2012-05-25,540625.79,0,78.94,3.561,220.4287124,6.989,23.41,0.1
37,2012-06-01,531811.85,0,80.74,3.501,220.4322099,6.989,23.46,-0.2
37,2012-06-08,528940.78,0,81.5,3.452,220.4357073,6.989,23.46,-0.2
37,2012-06-15,508573.16,0,82.15,3.393,220.4494148,6.989,23.46,-0.2
37,2012-06-22,484032.75,0,80.4,3.346,220.4886472,6.989,23.46,-0.2
37,2012-06-29,508309.81,0,86.68,3.286,220.5278796,6.989,23.46,-0.2
37,2012-07-06,519498.32,0,81.52,3.227,220.567112,6.623,23.49,-0.5
37,2012-07-13,506005.47,0,78.15,3.256,220.6063444,6.623,23.49,-0.5
37,2012-07-20,503744.56,0,81.76,3.311,220.6148749,6.623,23.49,-0.5
37,2012-07-27,514489.17,0,84.0,3.407,220.6234054,6.623,23.49,-0.5
37,2012-08-03,521959.28,0,85.56,3.417,220.6319358,6.623,23.48,0.8
37,2012-08-10,500964.59,0,84.41,3.494,220.6404663,6.623,23.48,0.8
37,2012-08-17,509633.71,0,85.89,3.571,220.7199609,6.623,23.48,0.8
37,2012-08-24,522665.04,0,81.26,3.62,220.8526787,6.623,23.48,0.8
37,2012-08-31,538344.1,0,84.79,3.638,220.9853964,6.623,23.48,0.8
37,2012-09-07,526838.14,1,84.19,3.73,221.1181142,6.623,23.57,0.9
37,2012-09-14,514651.74,0,78.16,3.717,221.2601207,6.623,23.57,0.9
37,2012-09-21,521320.98,0,75.98,3.721,221.4578604,6.623,23.57,0.9
37,2012-09-28,527953.14,0,79.49,3.666,221.6556,6.623,23.57,0.9
37,2012-10-05,546122.37,0,73.57,3.617,221.8533396,6.228,23.5,1.1
37,2012-10-12,521810.75,0,71.28,3.601,222.0510793,6.228,23.5,1.1
37,2012-10-19,551969.1,0,74.06,3.594,222.0951719,6.228,23.5,1.1
37,2012-10-26,534738.43,0,74.39,3.506,222.1136566,6.228,23.5,1.1
43,2010-02-05,647029.28,0,47.31,2.572,203.0642742,9.521,22.46,0.5
43,2010-02-12,682918.99,1,47.99,2.548,203.2010968,9.521,22.46,0.5
43,2010-02-19,658997.55,0,48.77,2.514,203.2479796,9.521,22.46,0.5
43,2010-02-26,618702.79,0,48.77,2.561,203.2798724,9.521,22.46,0.5
43,2010-03-05,658600.05,0,52.89,2.625,203.3117653,9.521,22.46,0.3
43,2010-03-12,645386.94,0,53.67,2.667,203.3436582,9.521,22.46,0.3
43,2010-03-19,668098.49,0,56.0,2.72,203.195159,9.521,22.46,0.3
43,2010-03-26,623097.93,0,54.53,2.732,203.0165945,9.521,22.46,0.3
43,2010-04-02,650102.8,0,62.19,2.719,202.83803,9.593,22.49,1.6
43,2010-04-09,693058.34,0,64.37,2.77,202.6594654,9.593,22.49,1.6
43,2010-04-16,675282.2,0,69.46,2.808,202.5351571,9.593,22.49,1.6
43,2010-04-23,638957.35,0,62.71,2.795,202.4831905,9.593,22.49,1.6
43,2010-04-30,630740.11,0,66.91,2.78,202.4312238,9.593,22.49,1.6
43,2010-05-07,691498.6,0,67.16,2.835,202.3792571,9.593,22.51,0.4
43,2010-05-14,690851.59,0,72.14,2.854,202.3705092,9.593,22.51,0.4
43,2010-05-21,672062.08,0,74.74,2.826,202.6210737,9.593,22.51,0.4
43,2010-05-28,630315.76,0,78.59,2.759,202.8716382,9.593,22.51,0.4
43,2010-06-04,682012.53,0,82.76,2.705,203.1222028,9.593,22.53,-1.2
43,2010-06-11,684023.95,0,88.12,2.668,203.3727673,9.593,22.53,-1.2
43,2010-06-18,700009.77,0,84.9,2.637,203.370619,9.593,22.53,-1.2
43,2010-06-25,625196.14,0,88.48,2.653,203.2673857,9.593,22.53,-1.2
43,2010-07-02,667353.79,0,80.17,2.669,203.1641524,9.816,22.59,-0.5
43,2010-07-09,718748.33,0,81.52,2.642,203.060919,9.816,22.59,-0.5
43,2010-07-16,696844.36,0,84.17,2.623,203.0538548,9.816,22.59,-0.5
43,2010-07-23,649035.55,0,86.6,2.608,203.1750161,9.816,22.59,-0.5
43,2010-07-30,622112.23,0,79.79,2.64,203.2961774,9.816,22.59,-0.5
43,2010-08-06,698536.06,0,84.66,2.627,203.4173387,9.816,22.62,0.4
43,2010-08-13,713479.91,0,86.31,2.692,203.5385,9.816,22.62,0.4
43,2010-08-20,712869.09,0,85.26,2.664,203.5092419,9.816,22.62,0.4
43,2010-08-27,655284.69,0,80.32,2.619,203.4799839,9.816,22.62,0.4
43,2010-09-03,689326.91,0,80.43,2.577,203.4507258,9.816,22.67,0.4
43,2010-09-10,722120.04,1,81.32,2.565,203.4214677,9.816,22.67,0.4
43,2010-09-17,725043.04,0,78.86,2.582,203.4499286,9.816,22.67,0.4
43,2010-09-24,650263.95,0,77.42,2.624,203.5216786,9.816,22.67,0.4
43,2010-10-01,657108.77,0,77.93,2.603,203.5934286,10.21,22.73,0.6
43,2010-10-08,713332.54,0,72.81,2.633,203.6651786,10.21,22.73,0.6
43,2010-10-15,699852.68,0,68.78,2.72,203.7299032,10.21,22.73,0.6
43,2010-10-22,680943.03,0,69.46,2.725,203.7770645,10.21,22.73,0.6
43,2010-10-29,610076.32,0,65.88,2.716,203.8242258,10.21,22.73,0.6
43,2010-11-05,605960.2,0,62.52,2.689,203.8713871,10.21,22.73,1.2
43,2010-11-12,595421.23,0,59.98,2.728,203.9185484,10.21,22.73,1.2
43,2010-11-19,589467.35,0,54.96,2.771,203.8191286,10.21,22.73,1.2
43,2010-11-26,633520.34,1,54.76,2.735,203.6952786,10.21,22.73,1.2
43,2010-12-03,557543.62,0,44.56,2.708,203.5714286,10.21,22.76,0.8
43,2010-12-10,598679.02,0,52.52,2.843,203.4475786,10.21,22.76,0.8
43,2010-12-17,615761.77,0,56.51,2.869,203.3996521,10.21,22.76,0.8
43,2010-12-24,656637.63,0,57.15,2.886,203.4086682,10.21,22.76,0.8
43,2010-12-31,534740.3,1,48.61,2.943,203.4176843,10.21,22.76,0.8
43,2011-01-07,611796.61,0,40.47,2.976,203.4267005,10.398,22.87,0.6
43,2011-01-14,614940.07,0,43.45,2.983,203.4840645,10.398,22.87,0.6
43,2011-01-21,601004.79,0,53.05,3.016,203.8315161,10.398,22.87,0.6
43,2011-01-28,562558.27,0,44.98,3.01,204.1789677,10.398,22.87,0.6
43,2011-02-04,651521.77,0,33.21,2.989,204.5264194,10.398,22.87,0.3
43,2011-02-11,635650.98,1,40.65,3.022,204.873871,10.398,22.87,0.3
43,2011-02-18,626627.77,0,59.15,3.045,205.1683214,10.398,22.87,0.3
43,2011-02-25,592340.01,0,58.37,3.065,205.4415714,10.398,22.87,0.3
43,2011-03-04,616345.25,0,60.26,3.288,205.7148214,10.398,22.87,1.0
43,2011-03-11,629026.75,0,60.24,3.459,205.9880714,10.398,22.87,1.0
43,2011-03-18,635171.05,0,68.98,3.488,206.225924,10.398,22.87,1.0
43,2011-03-25,585989.1,0,65.53,3.473,206.4496175,10.398,22.87,1.0
43,2011-04-01,611585.54,0,67.79,3.524,206.6733111,10.581,22.91,0.4
43,2011-04-08,650418.75,0,70.35,3.622,206.8970046,10.581,22.91,0.4
43,2011-04-15,635758.03,0,65.01,3.743,207.1015429,10.581,22.91,0.4
43,2011-04-22,638280.67,0,74.49,3.807,207.2581929,10.581,22.91,0.4
43,2011-04-29,611464.21,0,71.34,3.81,207.4148429,10.581,22.91,0.4
43,2011-05-06,649148.74,0,66.77,3.906,207.5714929,10.581,22.97,0.5
43,2011-05-13,684655.91,0,76.03,3.899,207.7281429,10.581,22.97,0.5
43,2011-05-20,648330.18,0,74.21,3.907,207.5200622,10.581,22.97,0.5
43,2011-05-27,578209.63,0,80.89,3.786,207.3119816,10.581,22.97,0.5
43,2011-06-03,630972.15,0,83.49,3.699,207.1039009,10.581,23.0,-0.2
43,2011-06-10,643041.71,0,85.81,3.648,206.8958203,10.581,23.0,-0.2
43,2011-06-17,665781.74,0,88.49,3.637,206.8560238,10.581,23.0,-0.2
43,2011-06-24,604925.08,0,88.3,3.594,206.9424405,10.581,23.0,-0.2
43,2011-07-01,586781.78,0,91.36,3.524,207.0288571,10.641,23.11,0.1
43,2011-07-08,651147.83,0,87.02,3.48,207.1152738,10.641,23.11,0.1
43,2011-07-15,631827.38,0,84.67,3.575,207.1940691,10.641,23.11,0.1
43,2011-07-22,597354.39,0,88.58,3.651,207.2538111,10.641,23.11,0.1
43,2011-07-29,533917.52,0,83.43,3.682,207.313553,10.641,23.11,0.1
43,2011-08-05,605956.59,0,87.47,3.684,207.3732949,10.641,23.06,0.5
43,2011-08-12,595626.56,0,86.64,3.638,207.4330369,10.641,23.06,0.5
43,2011-08-19,663396.32,0,82.08,3.554,207.4953088,10.641,23.06,0.5
43,2011-08-26,561573.08,0,87.43,3.523,207.5580023,10.641,23.06,0.5
43,2011-09-02,594224.9,0,87.84,3.533,207.6206959,10.641,23.11,0.0
43,2011-09-09,649128.23,1,79.29,3.546,207.6833894,10.641,23.11,0.0
43,2011-09-16,618877.13,0,77.17,3.526,207.8527143,10.641,23.11,0.0
43,2011-09-23,586108.13,0,78.98,3.467,208.1642143,10.641,23.11,0.0
43,2011-09-30,555183.72,0,78.97,3.355,208.4757143,10.641,23.11,0.0
43,2011-10-07,642828.62,0,74.17,3.285,208.7872143,10.148,23.18,1.1
43,2011-10-14,590984.56,0,68.09,3.274,209.0752166,10.148,23.18,1.1
43,2011-10-21,594625.96,0,70.3,3.353,209.2222327,10.148,23.18,1.1
43,2011-10-28,572516.57,0,66.82,3.372,209.3692488,10.148,23.18,1.1
43,2011-11-04,641905.37,0,59.08,3.332,209.516265,10.148,23.19,0.5
43,2011-11-11,615975.5,0,51.26,3.297,209.6632811,10.148,23.19,0.5
43,2011-11-18,628115.61,0,57.75,3.308,209.8651071,10.148,23.19,0.5
43,2011-11-25,669965.22,1,55.7,3.236,210.0888571,10.148,23.19,0.5
43,2011-12-02,585028.26,0,47.49,3.172,210.3126071,10.148,23.22,0.2
43,2011-12-09,617898.07,0,34.23,3.158,210.5363571,10.148,23.22,0.2
43,2011-12-16,665007.08,0,43.78,3.159,210.7365392,10.148,23.22,0.2
43,2011-12-23,676290.46,0,42.63,3.112,210.9052972,10.148,23.22,0.2
43,2011-12-30,505405.85,1,41.83,3.129,211.0740553,10.148,23.22,0.2
43,2012-01-06,670993.01,0,47.59,3.157,211.2428134,9.653,23.26,0.1
43,2012-01-13,663529.64,0,43.68,3.261,211.4115714,9.653,23.26,0.1
43,2012-01-20,619225.65,0,52.72,3.268,211.4997811,9.653,23.26,0.1
43,2012-01-27,587685.38,0,52.1,3.29,211.5879908,9.653,23.26,0.1
43,2012-02-03,629176.71,0,51.92,3.36,211.6762005,9.653,23.28,0.4
43,2012-02-10,662198.65,1,46.54,3.409,211.7644101,9.653,23.28,0.4
43,2012-02-17,660632.05,0,49.38,3.51,211.916835,9.653,23.28,0.4
43,2012-02-24,613042.97,0,53.53,3.555,212.1174212,9.653,23.28,0.4
43,2012-03-02,693249.98,0,56.43,3.63,212.3180074,9.653,23.36,1.1
43,2012-03-09,636677.67,0,54.52,3.669,212.5185936,9.653,23.36,1.1
43,2012-03-16,661707.02,0,57.88,3.734,212.6651567,9.653,23.36,1.1
43,2012-03-23,610940.94,0,56.28,3.787,212.7396889,9.653,23.36,1.1
43,2012-03-30,623258.4,0,69.88,3.845,212.8142212,9.653,23.36,1.1
43,2012-04-06,658468.27,0,64.7,3.891,212.8887535,9.575,23.39,0.8
43,2012-04-13,665687.92,0,70.18,3.891,212.9632857,9.575,23.39,0.8
43,2012-04-20,638144.98,0,67.28,3.877,213.0130524,9.575,23.39,0.8
43,2012-04-27,593138.59,0,78.27,3.814,213.062819,9.575,23.39,0.8
43,2012-05-04,637964.2,0,77.47,3.749,213.1125857,9.575,23.41,0.1
43,2012-05-11,640159.04,0,67.59,3.688,213.1623524,9.575,23.41,0.1
43,2012-05-18,648541.81,0,72.06,3.63,213.1753618,9.575,23.41,0.1
43,2012-05-25,597406.39,0,82.41,3.561,213.1736682,9.575,23.41,0.1
43,2012-06-01,605078.62,0,80.89,3.501,213.1719747,9.575,23.46,-0.2
43,2012-06-08,643032.51,0,85.73,3.452,213.1702811,9.575,23.46,-0.2
43,2012-06-15,634815.1,0,87.75,3.393,213.1786952,9.575,23.46,-0.2
43,2012-06-22,613270.79,0,87.51,3.346,213.2123786,9.575,23.46,-0.2
43,2012-06-29,593128.13,0,89.85,3.286,213.2460619,9.575,23.46,-0.2
43,2012-07-06,645618.59,0,82.68,3.227,213.2797452,9.285,23.49,-0.5
43,2012-07-13,627634.04,0,78.82,3.256,213.3134286,9.285,23.49,-0.5
43,2012-07-20,596554.05,0,83.83,3.311,213.3219124,9.285,23.49,-0.5
43,2012-07-27,572447.52,0,82.01,3.407,213.3303963,9.285,23.49,-0.5
43,2012-08-03,614378.94,0,85.06,3.417,213.3388802,9.285,23.48,0.8
43,2012-08-10,643558.78,0,86.36,3.494,213.3473641,9.285,23.48,0.8
43,2012-08-17,640210.85,0,85.66,3.571,213.4226959,9.285,23.48,0.8
43,2012-08-24,598234.64,0,81.65,3.62,213.5481636,9.285,23.48,0.8
43,2012-08-31,593141.29,0,81.12,3.638,213.6736313,9.285,23.48,0.8
43,2012-09-07,663814.18,1,84.99,3.73,213.7990991,9.285,23.57,0.9
43,2012-09-14,625196.94,0,73.03,3.717,213.9332167,9.285,23.57,0.9
43,2012-09-21,601990.02,0,75.87,3.721,214.1192333,9.285,23.57,0.9
43,2012-09-28,577792.32,0,77.55,3.666,214.30525,9.285,23.57,0.9
43,2012-10-05,642614.89,0,74.09,3.617,214.4912667,8.839,23.5,1.1
43,2012-10-12,619369.72,0,71.14,3.601,214.6772833,8.839,23.5,1.1
43,2012-10-19,623919.23,0,71.25,3.594,214.7212488,8.839,23.5,1.1
43,2012-10-26,587603.55,0,69.17,3.506,214.7415392,8.839,23.5,1.1
44,2010-02-05,281090.95,0,31.53,2.666,126.4420645,8.119,22.46,0.5
44,2010-02-12,286857.13,1,33.16,2.671,126.4962581,8.119,22.46,0.5
44,2010-02-19,267956.3,0,35.7,2.654,126.5262857,8.119,22.46,0.5
44,2010-02-26,273079.07,0,29.98,2.667,126.5522857,8.119,22.46,0.5
44,2010-03-05,284617.27,0,40.65,2.681,126.5782857,8.119,22.46,0.3
44,2010-03-12,272190.83,0,37.62,2.733,126.6042857,8.119,22.46,0.3
44,2010-03-19,269624.2,0,42.49,2.782,126.6066452,8.119,22.46,0.3
44,2010-03-26,276279.49,0,41.48,2.819,126.6050645,8.119,22.46,0.3
44,2010-04-02,286197.5,0,42.15,2.842,126.6034839,7.972,22.49,1.6
44,2010-04-09,257361.3,0,38.97,2.877,126.6019032,7.972,22.49,1.6
44,2010-04-16,280048.74,0,50.39,2.915,126.5621,7.972,22.49,1.6
44,2010-04-23,278287.04,0,55.66,2.936,126.4713333,7.972,22.49,1.6
44,2010-04-30,272997.65,0,48.33,2.941,126.3805667,7.972,22.49,1.6
44,2010-05-07,285379.86,0,44.42,2.948,126.2898,7.972,22.51,0.4
44,2010-05-14,286515.92,0,50.15,2.962,126.2085484,7.972,22.51,0.4
44,2010-05-21,267065.35,0,57.71,2.95,126.1843871,7.972,22.51,0.4
44,2010-05-28,291891.01,0,53.11,2.908,126.1602258,7.972,22.51,0.4
44,2010-06-04,282351.82,0,59.85,2.871,126.1360645,7.972,22.53,-1.2
44,2010-06-11,296818.2,0,65.24,2.841,126.1119032,7.972,22.53,-1.2
44,2010-06-18,293481.36,0,58.41,2.819,126.114,7.972,22.53,-1.2
44,2010-06-25,288247.24,0,71.83,2.82,126.1266,7.972,22.53,-1.2
44,2010-07-02,300628.19,0,78.82,2.814,126.1392,7.804,22.59,-0.5
44,2010-07-09,280472.78,0,71.33,2.802,126.1518,7.804,22.59,-0.5
44,2010-07-16,297099.95,0,77.79,2.791,126.1498065,7.804,22.59,-0.5
44,2010-07-23,292680.16,0,82.27,2.797,126.1283548,7.804,22.59,-0.5
44,2010-07-30,275020.96,0,78.94,2.797,126.1069032,7.804,22.59,-0.5
44,2010-08-06,296804.49,0,81.24,2.802,126.0854516,7.804,22.62,0.4
44,2010-08-13,291028.09,0,74.93,2.837,126.064,7.804,22.62,0.4
44,2010-08-20,284740.5,0,76.34,2.85,126.0766452,7.804,22.62,0.4
44,2010-08-27,293155.08,0,75.31,2.854,126.0892903,7.804,22.62,0.4
44,2010-09-03,295880.12,0,65.71,2.868,126.1019355,7.804,22.67,0.4
44,2010-09-10,283455.13,1,65.74,2.87,126.1145806,7.804,22.67,0.4
44,2010-09-17,279364.13,0,66.84,2.875,126.1454667,7.804,22.67,0.4
44,2010-09-24,281313.78,0,68.22,2.872,126.1900333,7.804,22.67,0.4
44,2010-10-01,300152.45,0,68.74,2.853,126.2346,7.61,22.73,0.6
44,2010-10-08,279524.44,0,63.03,2.841,126.2791667,7.61,22.73,0.6
44,2010-10-15,268708.43,0,54.12,2.845,126.3266774,7.61,22.73,0.6
44,2010-10-22,270110.3,0,56.89,2.849,126.3815484,7.61,22.73,0.6
44,2010-10-29,286497.49,0,45.12,2.841,126.4364194,7.61,22.73,0.6
44,2010-11-05,270516.84,0,49.96,2.831,126.4912903,7.61,22.73,1.2
44,2010-11-12,281909.79,0,42.55,2.831,126.5461613,7.61,22.73,1.2
44,2010-11-19,284322.52,0,42.0,2.842,126.6072,7.61,22.73,1.2
44,2010-11-26,307646.5,1,28.22,2.83,126.6692667,7.61,22.73,1.2
44,2010-12-03,264214.12,0,25.8,2.812,126.7313333,7.61,22.76,0.8
44,2010-12-10,278253.28,0,36.78,2.817,126.7934,7.61,22.76,0.8
44,2010-12-17,278646.35,0,35.21,2.842,126.8794839,7.61,22.76,0.8
44,2010-12-24,365098.24,0,34.9,2.846,126.9835806,7.61,22.76,0.8
44,2010-12-31,241937.11,1,26.79,2.868,127.0876774,7.61,22.76,0.8
44,2011-01-07,288320.38,0,16.94,2.891,127.1917742,7.224,22.87,0.6
44,2011-01-14,292859.36,0,20.6,2.903,127.3009355,7.224,22.87,0.6
44,2011-01-21,276157.8,0,34.8,2.934,127.4404839,7.224,22.87,0.6
44,2011-01-28,276011.4,0,31.64,2.96,127.5800323,7.224,22.87,0.6
44,2011-02-04,293953.08,0,23.35,2.974,127.7195806,7.224,22.87,0.3
44,2011-02-11,307486.73,1,30.83,3.034,127.859129,7.224,22.87,0.3
44,2011-02-18,280785.76,0,40.85,3.062,127.99525,7.224,22.87,0.3
44,2011-02-25,279427.93,0,33.17,3.12,128.13,7.224,22.87,0.3
44,2011-03-04,293984.54,0,34.23,3.23,128.26475,7.224,22.87,1.0
44,2011-03-11,284496.14,0,41.28,3.346,128.3995,7.224,22.87,1.0
44,2011-03-18,281699.68,0,44.69,3.407,128.5121935,7.224,22.87,1.0
44,2011-03-25,285031.81,0,42.38,3.435,128.6160645,7.224,22.87,1.0
44,2011-04-01,281514.26,0,42.49,3.487,128.7199355,6.906,22.91,0.4
44,2011-04-08,292498.61,0,42.75,3.547,128.8238065,6.906,22.91,0.4
44,2011-04-15,289667.55,0,41.72,3.616,128.9107333,6.906,22.91,0.4
44,2011-04-22,280357.3,0,47.55,3.655,128.9553,6.906,22.91,0.4
44,2011-04-29,281247.97,0,43.85,3.683,128.9998667,6.906,22.91,0.4
44,2011-05-06,299354.67,0,47.75,3.744,129.0444333,6.906,22.97,0.5
44,2011-05-13,307095.31,0,52.4,3.77,129.089,6.906,22.97,0.5
44,2011-05-20,303559.23,0,52.12,3.802,129.0756774,6.906,22.97,0.5
44,2011-05-27,308442.49,0,54.62,3.778,129.0623548,6.906,22.97,0.5
44,2011-06-03,308950.04,0,52.76,3.752,129.0490323,6.906,23.0,-0.2
44,2011-06-10,308770.42,0,61.39,3.732,129.0357097,6.906,23.0,-0.2
44,2011-06-17,300255.87,0,63.35,3.704,129.0432,6.906,23.0,-0.2
44,2011-06-24,296765.59,0,66.38,3.668,129.0663,6.906,23.0,-0.2
44,2011-07-01,315273.08,0,74.29,3.613,129.0894,6.56,23.11,0.1
44,2011-07-08,295339.01,0,77.3,3.563,129.1125,6.56,23.11,0.1
44,2011-07-15,289201.21,0,75.59,3.553,129.1338387,6.56,23.11,0.1
44,2011-07-22,303108.81,0,78.5,3.563,129.1507742,6.56,23.11,0.1
44,2011-07-29,279677.0,0,77.62,3.574,129.1677097,6.56,23.11,0.1
44,2011-08-05,298080.45,0,75.56,3.595,129.1846452,6.56,23.06,0.5
44,2011-08-12,290399.66,0,75.95,3.606,129.2015806,6.56,23.06,0.5
44,2011-08-19,290909.69,0,76.68,3.578,129.2405806,6.56,23.06,0.5
44,2011-08-26,324174.79,0,81.53,3.57,129.2832581,6.56,23.06,0.5
44,2011-09-02,309543.52,0,77.0,3.58,129.3259355,6.56,23.11,0.0
44,2011-09-09,295811.25,1,70.19,3.619,129.3686129,6.56,23.11,0.0
44,2011-09-16,303974.28,0,67.54,3.641,129.4306,6.56,23.11,0.0
44,2011-09-23,307409.13,0,63.6,3.648,129.5183333,6.56,23.11,0.0
44,2011-09-30,299757.75,0,68.28,3.623,129.6060667,6.56,23.11,0.0
44,2011-10-07,312577.36,0,60.62,3.592,129.6938,6.078,23.18,1.1
44,2011-10-14,293031.78,0,51.74,3.567,129.7706452,6.078,23.18,1.1
44,2011-10-21,305969.81,0,54.66,3.579,129.7821613,6.078,23.18,1.1
44,2011-10-28,306336.07,0,47.41,3.567,129.7936774,6.078,23.18,1.1
44,2011-11-04,307126.34,0,43.51,3.538,129.8051935,6.078,23.19,0.5
44,2011-11-11,312233.56,0,33.8,3.513,129.8167097,6.078,23.19,0.5
44,2011-11-18,310531.04,0,40.65,3.489,129.8268333,6.078,23.19,0.5
44,2011-11-25,309129.01,1,38.89,3.445,129.8364,6.078,23.19,0.5
44,2011-12-02,284309.34,0,33.94,3.389,129.8459667,6.078,23.22,0.2
44,2011-12-09,304300.91,0,24.82,3.341,129.8555333,6.078,23.22,0.2
44,2011-12-16,311144.16,0,27.85,3.282,129.8980645,6.078,23.22,0.2
44,2011-12-23,376233.89,0,24.76,3.186,129.9845484,6.078,23.22,0.2
44,2011-12-30,263917.85,1,31.53,3.119,130.0710323,6.078,23.22,0.2
44,2012-01-06,325327.93,0,33.8,3.08,130.1575161,5.774,23.26,0.1
44,2012-01-13,312361.88,0,25.61,3.056,130.244,5.774,23.26,0.1
44,2012-01-20,316948.39,0,32.71,3.047,130.2792258,5.774,23.26,0.1
44,2012-01-27,308295.38,0,34.32,3.058,130.3144516,5.774,23.26,0.1
44,2012-02-03,325986.05,0,31.39,3.077,130.3496774,5.774,23.28,0.4
44,2012-02-10,325377.97,1,33.73,3.116,130.3849032,5.774,23.28,0.4
44,2012-02-17,320691.21,0,36.57,3.119,130.4546207,5.774,23.28,0.4
44,2012-02-24,315641.8,0,35.38,3.145,130.5502069,5.774,23.28,0.4
44,2012-03-02,316687.22,0,32.36,3.242,130.6457931,5.774,23.36,1.1
44,2012-03-09,303438.24,0,38.24,3.38,130.7413793,5.774,23.36,1.1
44,2012-03-16,331965.95,0,52.5,3.529,130.8261935,5.774,23.36,1.1
44,2012-03-23,296947.06,0,47.83,3.671,130.8966452,5.774,23.36,1.1
44,2012-03-30,310027.29,0,53.2,3.734,130.9670968,5.774,23.36,1.1
44,2012-04-06,320021.1,0,48.85,3.793,131.0375484,5.621,23.39,0.8
44,2012-04-13,311390.22,0,51.7,3.833,131.108,5.621,23.39,0.8
44,2012-04-20,323233.8,0,50.24,3.845,131.1173333,5.621,23.39,0.8
44,2012-04-27,330338.36,0,64.8,3.842,131.1266667,5.621,23.39,0.8
44,2012-05-04,326053.28,0,54.41,3.831,131.136,5.621,23.41,0.1
44,2012-05-11,341381.08,0,56.47,3.809,131.1453333,5.621,23.41,0.1
44,2012-05-18,334042.43,0,65.17,3.808,131.0983226,5.621,23.41,0.1
44,2012-05-25,343268.29,0,62.39,3.801,131.0287742,5.621,23.41,0.1
44,2012-06-01,323410.94,0,61.11,3.788,130.9592258,5.621,23.46,-0.2
44,2012-06-08,340238.38,0,68.4,3.776,130.8896774,5.621,23.46,-0.2
44,2012-06-15,338400.82,0,65.97,3.756,130.8295333,5.621,23.46,-0.2
44,2012-06-22,336241.0,0,72.89,3.737,130.7929,5.621,23.46,-0.2
44,2012-06-29,338386.08,0,82.0,3.681,130.7562667,5.621,23.46,-0.2
44,2012-07-06,358461.58,0,79.23,3.63,130.7196333,5.407,23.49,-0.5
44,2012-07-13,336479.49,0,83.68,3.595,130.683,5.407,23.49,-0.5
44,2012-07-20,337819.16,0,75.69,3.556,130.7012903,5.407,23.49,-0.5
44,2012-07-27,319855.26,0,80.42,3.537,130.7195806,5.407,23.49,-0.5
44,2012-08-03,342385.38,0,81.99,3.512,130.737871,5.407,23.48,0.8
44,2012-08-10,333594.81,0,81.69,3.509,130.7561613,5.407,23.48,0.8
44,2012-08-17,327389.51,0,79.4,3.545,130.7909677,5.407,23.48,0.8
44,2012-08-24,337985.74,0,77.37,3.582,130.8381613,5.407,23.48,0.8
44,2012-08-31,339490.69,0,79.18,3.624,130.8853548,5.407,23.48,0.8
44,2012-09-07,338737.33,1,70.65,3.689,130.9325484,5.407,23.57,0.9
44,2012-09-14,347726.67,0,68.55,3.749,130.9776667,5.407,23.57,0.9
44,2012-09-21,336017.6,0,67.96,3.821,131.0103333,5.407,23.57,0.9
44,2012-09-28,355307.94,0,64.8,3.821,131.043,5.407,23.57,0.9
44,2012-10-05,337390.44,0,61.79,3.815,131.0756667,5.217,23.5,1.1
44,2012-10-12,337796.13,0,55.1,3.797,131.1083333,5.217,23.5,1.1
44,2012-10-19,323766.77,0,52.06,3.781,131.1499677,5.217,23.5,1.1
44,2012-10-26,361067.07,0,46.97,3.755,131.1930968,5.217,23.5,1.1
45,2010-02-05,890689.51,0,27.31,2.784,181.8711898,8.992,22.46,0.5
45,2010-02-12,656988.64,1,27.73,2.773,181.982317,8.992,22.46,0.5
45,2010-02-19,841264.04,0,31.27,2.745,182.0347816,8.992,22.46,0.5
45,2010-02-26,741891.65,0,34.89,2.754,182.0774691,8.992,22.46,0.5
45,2010-03-05,777951.22,0,37.13,2.777,182.1201566,8.992,22.46,0.3
45,2010-03-12,765687.42,0,45.8,2.818,182.1628441,8.992,22.46,0.3
45,2010-03-19,773819.49,0,48.79,2.844,182.0779857,8.992,22.46,0.3
45,2010-03-26,782563.38,0,54.36,2.854,181.9718697,8.992,22.46,0.3
45,2010-04-02,877235.96,0,47.74,2.85,181.8657537,8.899,22.49,1.6
45,2010-04-09,833782.7,0,65.45,2.869,181.7596377,8.899,22.49,1.6
45,2010-04-16,782221.96,0,54.28,2.899,181.6924769,8.899,22.49,1.6
45,2010-04-23,749779.1,0,53.47,2.902,181.6772564,8.899,22.49,1.6
45,2010-04-30,737265.57,0,53.15,2.921,181.6620359,8.899,22.49,1.6
45,2010-05-07,812190.76,0,70.75,2.966,181.6468154,8.899,22.51,0.4
45,2010-05-14,758182.2,0,54.26,2.982,181.6612792,8.899,22.51,0.4
45,2010-05-21,747888.25,0,62.62,2.958,181.8538486,8.899,22.51,0.4
45,2010-05-28,801098.43,0,69.27,2.899,182.0464181,8.899,22.51,0.4
45,2010-06-04,837548.62,0,75.93,2.847,182.2389876,8.899,22.53,-1.2
45,2010-06-11,794698.77,0,69.71,2.809,182.4315571,8.899,22.53,-1.2
45,2010-06-18,815130.5,0,72.62,2.78,182.4424199,8.899,22.53,-1.2
45,2010-06-25,792299.15,0,79.32,2.808,182.3806,8.899,22.53,-1.2
45,2010-07-02,800147.84,0,76.61,2.815,182.3187801,8.743,22.59,-0.5
45,2010-07-09,787062.0,0,82.45,2.793,182.2569603,8.743,22.59,-0.5
45,2010-07-16,723708.99,0,77.84,2.783,182.2604411,8.743,22.59,-0.5
45,2010-07-23,714601.11,0,81.46,2.771,182.3509895,8.743,22.59,-0.5
45,2010-07-30,716859.27,0,79.78,2.781,182.4415378,8.743,22.59,-0.5
45,2010-08-06,746517.32,0,77.17,2.784,182.5320862,8.743,22.62,0.4
45,2010-08-13,722262.21,0,78.44,2.805,182.6226346,8.743,22.62,0.4
45,2010-08-20,708568.29,0,76.01,2.779,182.6165205,8.743,22.62,0.4
45,2010-08-27,721744.33,0,71.36,2.755,182.6104063,8.743,22.62,0.4
45,2010-09-03,790144.7,0,78.37,2.715,182.6042922,8.743,22.67,0.4
45,2010-09-10,721460.22,1,70.87,2.699,182.598178,8.743,22.67,0.4
45,2010-09-17,716987.58,0,66.55,2.706,182.622509,8.743,22.67,0.4
45,2010-09-24,678228.58,0,68.59,2.713,182.6696737,8.743,22.67,0.4
45,2010-10-01,690007.76,0,70.58,2.707,182.7168385,8.724,22.73,0.6
45,2010-10-08,745782.1,0,56.49,2.764,182.7640032,8.724,22.73,0.6
45,2010-10-15,715263.3,0,58.61,2.868,182.8106203,8.724,22.73,0.6
45,2010-10-22,730899.37,0,53.15,2.917,182.8558685,8.724,22.73,0.6
45,2010-10-29,732859.76,0,61.3,2.921,182.9011166,8.724,22.73,0.6
45,2010-11-05,764014.06,0,45.65,2.917,182.9463648,8.724,22.73,1.2
45,2010-11-12,765648.93,0,46.14,2.931,182.9916129,8.724,22.73,1.2
45,2010-11-19,723987.85,0,50.02,3.0,182.8989385,8.724,22.73,1.2
45,2010-11-26,1182500.16,1,46.15,3.039,182.7832769,8.724,22.73,1.2
45,2010-12-03,879244.9,0,40.93,3.046,182.6676154,8.724,22.76,0.8
45,2010-12-10,1002364.34,0,30.54,3.109,182.5519538,8.724,22.76,0.8
45,2010-12-17,1123282.85,0,30.51,3.14,182.517732,8.724,22.76,0.8
45,2010-12-24,1682862.03,0,30.59,3.141,182.54459,8.724,22.76,0.8
45,2010-12-31,679156.2,1,29.67,3.179,182.5714479,8.724,22.76,0.8
45,2011-01-07,680254.35,0,34.32,3.193,182.5983058,8.549,22.87,0.6
45,2011-01-14,654018.95,0,24.78,3.205,182.6585782,8.549,22.87,0.6
45,2011-01-21,644285.33,0,30.55,3.229,182.9193368,8.549,22.87,0.6
45,2011-01-28,617207.58,0,24.05,3.237,183.1800955,8.549,22.87,0.6
45,2011-02-04,759442.33,0,28.73,3.231,183.4408542,8.549,22.87,0.3
45,2011-02-11,766456.0,1,30.3,3.239,183.7016129,8.549,22.87,0.3
45,2011-02-18,802253.41,0,40.7,3.245,183.9371353,8.549,22.87,0.3
45,2011-02-25,733716.78,0,35.78,3.274,184.1625632,8.549,22.87,0.3
45,2011-03-04,761880.36,0,38.65,3.433,184.3879911,8.549,22.87,1.0
45,2011-03-11,714014.73,0,45.01,3.582,184.613419,8.549,22.87,1.0
45,2011-03-18,733564.77,0,46.66,3.631,184.809719,8.549,22.87,1.0
45,2011-03-25,719737.25,0,41.76,3.625,184.9943679,8.549,22.87,1.0
45,2011-04-01,712425.76,0,37.27,3.638,185.1790167,8.521,22.91,0.4
45,2011-04-08,750182.71,0,48.71,3.72,185.3636656,8.521,22.91,0.4
45,2011-04-15,765270.02,0,53.69,3.821,185.5339821,8.521,22.91,0.4
45,2011-04-22,813630.44,0,53.04,3.892,185.6684673,8.521,22.91,0.4
45,2011-04-29,786561.61,0,66.18,3.962,185.8029526,8.521,22.91,0.4
45,2011-05-06,810150.64,0,58.21,4.046,185.9374378,8.521,22.97,0.5
45,2011-05-13,793889.1,0,60.38,4.066,186.0719231,8.521,22.97,0.5
45,2011-05-20,727163.67,0,62.28,4.062,185.9661154,8.521,22.97,0.5
45,2011-05-27,817653.25,0,69.7,3.985,185.8603077,8.521,22.97,0.5
45,2011-06-03,877423.45,0,76.38,3.922,185.7545,8.521,23.0,-0.2
45,2011-06-10,814395.17,0,73.88,3.881,185.6486923,8.521,23.0,-0.2
45,2011-06-17,811153.67,0,69.32,3.842,185.6719333,8.521,23.0,-0.2
45,2011-06-24,762861.78,0,74.85,3.804,185.7919609,8.521,23.0,-0.2
45,2011-07-01,791495.25,0,74.04,3.748,185.9119885,8.625,23.11,0.1
45,2011-07-08,768718.11,0,77.49,3.711,186.032016,8.625,23.11,0.1
45,2011-07-15,748435.2,0,78.47,3.76,186.1399808,8.625,23.11,0.1
45,2011-07-22,741625.25,0,82.33,3.811,186.2177885,8.625,23.11,0.1
45,2011-07-29,704680.97,0,81.31,3.829,186.2955962,8.625,23.11,0.1
45,2011-08-05,765996.92,0,78.22,3.842,186.3734038,8.625,23.06,0.5
45,2011-08-12,724180.89,0,77.0,3.812,186.4512115,8.625,23.06,0.5
45,2011-08-19,712362.72,0,72.98,3.747,186.5093071,8.625,23.06,0.5
45,2011-08-26,833979.01,0,72.55,3.704,186.5641172,8.625,23.06,0.5
45,2011-09-02,726482.39,0,70.63,3.703,186.6189274,8.625,23.11,0.0
45,2011-09-09,746129.56,1,71.48,3.738,186.6737376,8.625,23.11,0.0
45,2011-09-16,711367.56,0,69.17,3.742,186.8024,8.625,23.11,0.0
45,2011-09-23,714106.42,0,63.75,3.711,187.0295321,8.625,23.11,0.0
45,2011-09-30,698986.34,0,70.66,3.645,187.2566641,8.625,23.11,0.0
45,2011-10-07,753447.05,0,55.82,3.583,187.4837962,8.523,23.18,1.1
45,2011-10-14,720946.99,0,63.82,3.541,187.6917481,8.523,23.18,1.1
45,2011-10-21,771686.4,0,59.6,3.57,187.7846197,8.523,23.18,1.1
45,2011-10-28,781694.57,0,51.78,3.569,187.8774913,8.523,23.18,1.1
45,2011-11-04,833429.22,0,43.92,3.551,187.9703629,8.523,23.19,0.5
45,2011-11-11,808624.82,0,47.65,3.53,188.0632345,8.523,23.19,0.5
45,2011-11-18,773603.77,0,51.34,3.53,188.1983654,8.523,23.19,0.5
45,2011-11-25,1170672.94,1,48.71,3.492,188.3504,8.523,23.19,0.5
45,2011-12-02,875699.81,0,50.19,3.452,188.5024346,8.523,23.22,0.2
45,2011-12-09,957155.31,0,46.57,3.415,188.6544692,8.523,23.22,0.2
45,2011-12-16,1078905.68,0,39.93,3.413,188.7979349,8.523,23.22,0.2
45,2011-12-23,1521957.99,0,42.27,3.389,188.9299752,8.523,23.22,0.2
45,2011-12-30,869403.63,1,37.79,3.389,189.0620155,8.523,23.22,0.2
45,2012-01-06,714081.05,0,35.88,3.422,189.1940558,8.424,23.26,0.1
45,2012-01-13,676615.53,0,41.18,3.513,189.3260962,8.424,23.26,0.1
45,2012-01-20,700392.21,0,31.85,3.533,189.4214733,8.424,23.26,0.1
45,2012-01-27,624081.64,0,37.93,3.567,189.5168505,8.424,23.26,0.1
45,2012-02-03,757330.95,0,42.96,3.617,189.6122277,8.424,23.28,0.4
45,2012-02-10,803657.12,1,37.0,3.64,189.7076048,8.424,23.28,0.4
45,2012-02-17,858853.75,0,36.85,3.695,189.8424834,8.424,23.28,0.4
45,2012-02-24,753060.78,0,42.86,3.739,190.0069881,8.424,23.28,0.4
45,2012-03-02,782796.01,0,41.55,3.816,190.1714927,8.424,23.36,1.1
45,2012-03-09,776968.87,0,45.52,3.848,190.3359973,8.424,23.36,1.1
45,2012-03-16,788340.23,0,50.56,3.862,190.4618964,8.424,23.36,1.1
45,2012-03-23,791835.37,0,59.45,3.9,190.5363213,8.424,23.36,1.1
45,2012-03-30,777254.06,0,50.04,3.953,190.6107463,8.424,23.36,1.1
45,2012-04-06,899479.43,0,49.73,3.996,190.6851712,8.567,23.39,0.8
45,2012-04-13,781970.6,0,51.83,4.044,190.7595962,8.567,23.39,0.8
45,2012-04-20,776661.74,0,63.13,4.027,190.8138013,8.567,23.39,0.8
45,2012-04-27,711571.88,0,53.2,4.004,190.8680064,8.567,23.39,0.8
45,2012-05-04,782300.68,0,55.21,3.951,190.9222115,8.567,23.41,0.1
45,2012-05-11,770487.37,0,61.24,3.889,190.9764167,8.567,23.41,0.1
45,2012-05-18,800842.28,0,66.3,3.848,190.9964479,8.567,23.41,0.1
45,2012-05-25,817741.17,0,67.21,3.798,191.0028096,8.567,23.41,0.1
45,2012-06-01,837144.63,0,74.48,3.742,191.0091712,8.567,23.46,-0.2
45,2012-06-08,795133.0,0,64.3,3.689,191.0155329,8.567,23.46,-0.2
45,2012-06-15,821498.18,0,71.93,3.62,191.0299731,8.567,23.46,-0.2
45,2012-06-22,822569.16,0,74.22,3.564,191.0646096,8.567,23.46,-0.2
45,2012-06-29,773367.71,0,75.22,3.506,191.0992462,8.567,23.46,-0.2
45,2012-07-06,843361.1,0,82.99,3.475,191.1338827,8.684,23.49,-0.5
45,2012-07-13,749817.08,0,79.97,3.523,191.1685192,8.684,23.49,-0.5
45,2012-07-20,737613.65,0,78.89,3.567,191.1670428,8.684,23.49,-0.5
45,2012-07-27,711671.58,0,77.2,3.647,191.1655664,8.684,23.49,-0.5
45,2012-08-03,725729.51,0,76.58,3.654,191.16409,8.684,23.48,0.8
45,2012-08-10,733037.32,0,78.65,3.722,191.1626135,8.684,23.48,0.8
45,2012-08-17,722496.93,0,75.71,3.807,191.2284919,8.684,23.48,0.8
45,2012-08-24,718232.26,0,72.62,3.834,191.3448865,8.684,23.48,0.8
45,2012-08-31,734297.87,0,75.09,3.867,191.461281,8.684,23.48,0.8
45,2012-09-07,766512.66,1,75.7,3.911,191.5776756,8.684,23.57,0.9
45,2012-09-14,702238.27,0,67.87,3.948,191.69985,8.684,23.57,0.9
45,2012-09-21,723086.2,0,65.32,4.038,191.8567038,8.684,23.57,0.9
45,2012-09-28,713173.95,0,64.88,3.997,192.0135577,8.684,23.57,0.9
45,2012-10-05,733455.07,0,64.89,3.985,192.1704115,8.667,23.5,1.1
45,2012-10-12,734464.36,0,54.47,4.0,192.3272654,8.667,23.5,1.1
45,2012-10-19,718125.53,0,56.47,3.969,192.3308542,8.667,23.5,1.1
45,2012-10-26,760281.43,0,58.85,3.882,192.3088989,8.667,23.5,1.1
